"Symbol","Name","LastSale","MarketCap","ADR TSO","IPOyear","Sector","Industry","Summary Quote",
"ADES","Advanced Emissions Solutions, Inc.","9.72","195491973.96","n/a","n/a","Basic Industries","Major Chemicals","https://www.nasdaq.com/symbol/ades",
"ASIX","AdvanSix Inc.","27.53","835014329.57","n/a","2016","Basic Industries","Major Chemicals","https://www.nasdaq.com/symbol/asix",
"AEGN","Aegion Corp","22.66","732169593.98","n/a","n/a","Basic Industries","Water Supply","https://www.nasdaq.com/symbol/aegn",
"AMTX","Aemetis, Inc","0.8876","17949837.164","n/a","n/a","Basic Industries","Major Chemicals","https://www.nasdaq.com/symbol/amtx",
"AEM","Agnico Eagle Mines Limited","35.48","8316333429.16","n/a","n/a","Basic Industries","Precious Metals","https://www.nasdaq.com/symbol/aem",
"APD","Air Products and Chemicals, Inc.","150.96","33101375996.16","n/a","n/a","Basic Industries","Major Chemicals","https://www.nasdaq.com/symbol/apd",
"AKS","AK Steel Holding Corporation","3.65","1151613288.5","n/a","n/a","Basic Industries","Steel/Iron Ore","https://www.nasdaq.com/symbol/aks",
"AGI","Alamos Gold Inc.","4.16","1622646525.76","n/a","2015","Basic Industries","Precious Metals","https://www.nasdaq.com/symbol/agi",
"AIN","Albany International Corporation","65.74","2116828000","n/a","n/a","Basic Industries","Textiles","https://www.nasdaq.com/symbol/ain",
"ALB","Albemarle Corporation","95.16","10320079447.08","n/a","n/a","Basic Industries","Major Chemicals","https://www.nasdaq.com/symbol/alb",
"AA","Alcoa Corporation","33.82","6307124470.12","n/a","2016","Basic Industries","Aluminum","https://www.nasdaq.com/symbol/aa",
"AXU","Alexco Resource Corp","0.9243","99823385.1186","n/a","n/a","Basic Industries","Precious Metals","https://www.nasdaq.com/symbol/axu",
"ALO","Alio Gold Inc.","0.7648","64784022.9664","n/a","2011","Basic Industries","Precious Metals","https://www.nasdaq.com/symbol/alo",
"ATI","Allegheny Technologies Incorporated","25.21","3168503623.16","n/a","n/a","Basic Industries","Steel/Iron Ore","https://www.nasdaq.com/symbol/ati",
"AAU","Almaden Minerals, Ltd.","0.5703","63668078.1375","n/a","2015","Basic Industries","Precious Metals","https://www.nasdaq.com/symbol/aau",
"ACH","Aluminum Corporation of China Limited","8.79","5240175455.91","n/a","2001","Basic Industries","Aluminum","https://www.nasdaq.com/symbol/ach",
"AMRK","A-Mark Precious Metals, Inc.","12.735","89545515.75","n/a","n/a","Basic Industries","Other Specialty Stores","https://www.nasdaq.com/symbol/amrk",
"AMRC","Ameresco, Inc.","12.78","584653190.58","n/a","2010","Basic Industries","Engineering & Construction","https://www.nasdaq.com/symbol/amrc",
"AVD","American Vanguard Corporation","15.59","472758845.87","n/a","n/a","Basic Industries","Agricultural Chemicals","https://www.nasdaq.com/symbol/avd",
"AMWD","American Woodmark Corporation","57.03","1003400533.74","n/a","1986","Basic Industries","Forest Products","https://www.nasdaq.com/symbol/amwd",
"USAS","Americas Silver Corporation","2.19","94377298.83","n/a","2017","Basic Industries","Precious Metals","https://www.nasdaq.com/symbol/usas",
"AMRS","Amyris, Inc.","7.09","357221560.31","n/a","2010","Basic Industries","Major Chemicals","https://www.nasdaq.com/symbol/amrs",
"AU","AngloGold Ashanti Limited","9.6","3951468604.8","n/a","n/a","Basic Industries","Precious Metals","https://www.nasdaq.com/symbol/au",
"AQMS","Aqua Metals, Inc.","2.18","84539767.8","n/a","2015","Basic Industries","Metal Fabrications","https://www.nasdaq.com/symbol/aqms",
"RKDA","Arcadia Biosciences, Inc.","4.03","19240686.92","n/a","2015","Basic Industries","Agricultural Chemicals","https://www.nasdaq.com/symbol/rkda",
"MT","ArcelorMittal","24.58","24907003053.34","n/a","n/a","Basic Industries","Steel/Iron Ore","https://www.nasdaq.com/symbol/mt",
"AGX","Argan, Inc.","43.82","682221266.58","n/a","n/a","Basic Industries","Engineering & Construction","https://www.nasdaq.com/symbol/agx",
"AKG","Asanko Gold Inc.","0.7777","175608248.3078","n/a","n/a","Basic Industries","Mining & Quarrying of Nonmetallic Minerals (No Fuels)","https://www.nasdaq.com/symbol/akg",
"APWC","Asia Pacific Wire & Cable Corporation Limited","2.23","30817861.87","n/a","n/a","Basic Industries","Telecommunications Equipment","https://www.nasdaq.com/symbol/apwc",
"ATIS","Attis Industries Inc.","0.2375","5136015.4","n/a","n/a","Basic Industries","Miscellaneous","https://www.nasdaq.com/symbol/atis",
"ATISW","Attis Industries Inc.","0.15","0","n/a","n/a","Basic Industries","Miscellaneous","https://www.nasdaq.com/symbol/atisw",
"AUG","Auryn Resources Inc.","1.15","103773488.4","n/a","n/a","Basic Industries","Precious Metals","https://www.nasdaq.com/symbol/aug",
"ASM","Avino Silver","0.5935","37590965.9015","n/a","n/a","Basic Industries","Precious Metals","https://www.nasdaq.com/symbol/asm",
"AXTA","Axalta Coating Systems Ltd.","23.99","5726776544.46","n/a","2014","Basic Industries","Paints/Coatings","https://www.nasdaq.com/symbol/axta",
"BTG","B2Gold Corp","2.58","2553191632.8","n/a","n/a","Basic Industries","Precious Metals","https://www.nasdaq.com/symbol/btg",
"BCPC","Balchem Corporation","94.31","3037865244.66","n/a","n/a","Basic Industries","Major Chemicals","https://www.nasdaq.com/symbol/bcpc",
"ABX","Barrick Gold Corporation","12.68","14805082688.96","n/a","n/a","Basic Industries","Precious Metals","https://www.nasdaq.com/symbol/abx",
"BDC","Belden Inc","56.41","2292403005.58","n/a","n/a","Basic Industries","Telecommunications Equipment","https://www.nasdaq.com/symbol/bdc",
"BHP","BHP Billiton Limited","44.29","117890370265.83","n/a","n/a","Basic Industries","Precious Metals","https://www.nasdaq.com/symbol/bhp",
"BAK","Braskem S.A.","26.71","10627023296.4","n/a","n/a","Basic Industries","Major Chemicals","https://www.nasdaq.com/symbol/bak",
"BBU","Brookfield Business Partners L.P.","39.02","2582569837.96","n/a","2016","Basic Industries","Engineering & Construction","https://www.nasdaq.com/symbol/bbu",
"BVN","Buenaventura Mining Company Inc.","13.98","3550736400.66","n/a","1996","Basic Industries","Precious Metals","https://www.nasdaq.com/symbol/bvn",
"CBT","Cabot Corporation","47.99","2954196110.23","n/a","n/a","Basic Industries","Major Chemicals","https://www.nasdaq.com/symbol/cbt",
"CMCL","Caledonia Mining Corporation Plc","5.79","61392255.87","n/a","n/a","Basic Industries","Precious Metals","https://www.nasdaq.com/symbol/cmcl",
"CLXT","Calyxt, Inc.","11.94","386215478.7","n/a","2017","Basic Industries","Agricultural Chemicals","https://www.nasdaq.com/symbol/clxt",
"CCJ","Cameco Corporation","10.41","4120202340.12","n/a","1996","Basic Industries","Precious Metals","https://www.nasdaq.com/symbol/ccj",
"CSL","Carlisle Companies Incorporated","95.37","5678760872.4","n/a","n/a","Basic Industries","Specialty Chemicals","https://www.nasdaq.com/symbol/csl",
"CRS","Carpenter Technology Corporation","42.41","2008944354.31","n/a","n/a","Basic Industries","Steel/Iron Ore","https://www.nasdaq.com/symbol/crs",
"CVCO","Cavco Industries, Inc.","194.97","1768001022.99","n/a","n/a","Basic Industries","Homebuilding","https://www.nasdaq.com/symbol/cvco",
"CE","Celanese Corporation","93.82","12549173026.86","n/a","2005","Basic Industries","Major Chemicals","https://www.nasdaq.com/symbol/ce",
"LEU","Centrus Energy Corp.","2.3","20789127.3","n/a","2014","Basic Industries","Mining & Quarrying of Nonmetallic Minerals (No Fuels)","https://www.nasdaq.com/symbol/leu",
"CENX","Century Aluminum Company","8.015","702180572.59","n/a","1996","Basic Industries","Aluminum","https://www.nasdaq.com/symbol/cenx",
"CF","CF Industries Holdings, Inc.","44.83","10466400162.29","n/a","2005","Basic Industries","Agricultural Chemicals","https://www.nasdaq.com/symbol/cf",
"CHRA","Charah Solutions, Inc.","7.08","205907555.04","n/a","2018","Basic Industries","Environmental Services","https://www.nasdaq.com/symbol/chra",
"CC","Chemours Company (The)","32.41","5731549658.59","n/a","2015","Basic Industries","Major Chemicals","https://www.nasdaq.com/symbol/cc",
"CADC","China Advanced Construction Materials Group, Inc.","2.64","14743412.64","n/a","n/a","Basic Industries","Engineering & Construction","https://www.nasdaq.com/symbol/cadc",
"CGA","China Green Agriculture, Inc.","0.63","24505075.35","n/a","n/a","Basic Industries","Agricultural Chemicals","https://www.nasdaq.com/symbol/cga",
"CHNR","China Natural Resources, Inc.","1.83","45586976.28","n/a","n/a","Basic Industries","Precious Metals","https://www.nasdaq.com/symbol/chnr",
"CHD","Church & Dwight Company, Inc.","58.88","14449620508.16","n/a","n/a","Basic Industries","Package Goods/Cosmetics","https://www.nasdaq.com/symbol/chd",
"CINR","Ciner Resources LP","24.86","491214482.66","n/a","2013","Basic Industries","Mining & Quarrying of Nonmetallic Minerals (No Fuels)","https://www.nasdaq.com/symbol/cinr",
"CLH","Clean Harbors, Inc.","62.36","3497704302.88","n/a","n/a","Basic Industries","Environmental Services","https://www.nasdaq.com/symbol/clh",
"CLW","Clearwater Paper Corporation","23.28","383214850.32","n/a","n/a","Basic Industries","Paper","https://www.nasdaq.com/symbol/clw",
"CLF","Cleveland-Cliffs Inc.","10.07","3001045700.87","n/a","n/a","Basic Industries","Precious Metals","https://www.nasdaq.com/symbol/clf",
"CDXS","Codexis, Inc.","14.57","779674954.07","n/a","2010","Basic Industries","Major Chemicals","https://www.nasdaq.com/symbol/cdxs",
"CDE","Coeur Mining, Inc.","4.79","954094660.31","n/a","n/a","Basic Industries","Precious Metals","https://www.nasdaq.com/symbol/cde",
"CMC","Commercial Metals Company","17.84","2087740093.6","n/a","n/a","Basic Industries","Steel/Iron Ore","https://www.nasdaq.com/symbol/cmc",
"CMP","Compass Minerals International, Inc.","45.9","1553760854.1","n/a","2003","Basic Industries","Mining & Quarrying of Nonmetallic Minerals (No Fuels)","https://www.nasdaq.com/symbol/cmp",
"LODE","Comstock Mining, Inc.","0.225","12889446.3","n/a","n/a","Basic Industries","Precious Metals","https://www.nasdaq.com/symbol/lode",
"CSTM","Constellium N.V.","8.8","1185301383.2","n/a","2013","Basic Industries","Metal Fabrications","https://www.nasdaq.com/symbol/cstm",
"ROAD","Construction Partners, Inc.","8.81","452962793.39","n/a","2018","Basic Industries","Military/Government/Technical","https://www.nasdaq.com/symbol/road",
"GLW","Corning Incorporated","30.59","24484208163.1","n/a","n/a","Basic Industries","Telecommunications Equipment","https://www.nasdaq.com/symbol/glw",
"CVA","Covanta Holding Corporation","14.53","1900820412","n/a","n/a","Basic Industries","Electric Utilities: Central","https://www.nasdaq.com/symbol/cva",
"CVIA","Covia Holdings Corporation","5.54","726559964.32","n/a","2018","Basic Industries","Mining & Quarrying of Nonmetallic Minerals (No Fuels)","https://www.nasdaq.com/symbol/cvia",
"CRWS","Crown Crafts, Inc.","5.28","53167266.24","n/a","n/a","Basic Industries","Textiles","https://www.nasdaq.com/symbol/crws",
"CSWI","CSW Industrials, Inc.","45.64","717293438.12","n/a","n/a","Basic Industries","Home Furnishings","https://www.nasdaq.com/symbol/cswi",
"CTIB","CTI Industries Corporation","3.96","13979698.92","n/a","1997","Basic Industries","Specialty Chemicals","https://www.nasdaq.com/symbol/ctib",
"CULP","Culp, Inc.","22.11","276932967.96","n/a","n/a","Basic Industries","Textiles","https://www.nasdaq.com/symbol/culp",
"UAN","CVR Partners, LP","3.81","431608127.13","n/a","2011","Basic Industries","Agricultural Chemicals","https://www.nasdaq.com/symbol/uan",
"DELT","Delta Technology Holdings Limited","0.9718","12449063.1452","n/a","n/a","Basic Industries","Major Chemicals","https://www.nasdaq.com/symbol/delt",
"DNN","Denison Mine Corp","0.5492","307103418.3828","n/a","n/a","Basic Industries","Precious Metals","https://www.nasdaq.com/symbol/dnn",
"UFS","Domtar Corporation","44.12","2867848708.48","n/a","n/a","Basic Industries","Paper","https://www.nasdaq.com/symbol/ufs",
"DWDP","DowDuPont Inc.","52.07","120145113881.25","n/a","2017","Basic Industries","Major Chemicals","https://www.nasdaq.com/symbol/dwdp",
"DRD","DRDGOLD Limited","2.62","113034597.12","n/a","n/a","Basic Industries","Precious Metals","https://www.nasdaq.com/symbol/drd",
"DY","Dycom Industries, Inc.","67.36","2104034663.84","n/a","n/a","Basic Industries","Water Supply","https://www.nasdaq.com/symbol/dy",
"DD^A","E.I. du Pont de Nemours and Company","80.366","0","n/a","n/a","Basic Industries","Major Chemicals","https://www.nasdaq.com/symbol/dd^a",
"DD^B","E.I. du Pont de Nemours and Company","99.87","0","n/a","n/a","Basic Industries","Major Chemicals","https://www.nasdaq.com/symbol/dd^b",
"EMN","Eastman Chemical Company","76.39","10792382713.94","n/a","n/a","Basic Industries","Major Chemicals","https://www.nasdaq.com/symbol/emn",
"ECL","Ecolab Inc.","146.56","42341720702.72","n/a","n/a","Basic Industries","Package Goods/Cosmetics","https://www.nasdaq.com/symbol/ecl",
"EGO","Eldorado Gold Corporation","0.66","524047048.8","n/a","n/a","Basic Industries","Precious Metals","https://www.nasdaq.com/symbol/ego",
"EMES","Emerge Energy Services LP","2.06","63929533.24","n/a","2013","Basic Industries","Mining & Quarrying of Nonmetallic Minerals (No Fuels)","https://www.nasdaq.com/symbol/emes",
"EMX","EMX Royalty Corporation","1.28","102960070.4","n/a","n/a","Basic Industries","Precious Metals","https://www.nasdaq.com/symbol/emx",
"EXK","Endeavour Silver Corporation","2.08","269652050.72","n/a","n/a","Basic Industries","Precious Metals","https://www.nasdaq.com/symbol/exk",
"UUUU","Energy Fuels Inc","2.85","255219050.4","n/a","n/a","Basic Industries","Mining & Quarrying of Nonmetallic Minerals (No Fuels)","https://www.nasdaq.com/symbol/uuuu",
"NPO","EnPro Industries","57.83","1212209848.47","n/a","n/a","Basic Industries","Metal Fabrications","https://www.nasdaq.com/symbol/npo",
"EGI","Entree Resources Ltd.","0.3501","61085084.5962","n/a","2017","Basic Industries","Precious Metals","https://www.nasdaq.com/symbol/egi",
"EVA","Enviva Partners, LP","30.07","796211201.3","n/a","2015","Basic Industries","Forest Products","https://www.nasdaq.com/symbol/eva",
"EVGN","Evogene Ltd.","2.56","65931000.32","n/a","n/a","Basic Industries","Agricultural Chemicals","https://www.nasdaq.com/symbol/evgn",
"FOE","Ferro Corporation","15.87","1335261759.99","n/a","n/a","Basic Industries","Paints/Coatings","https://www.nasdaq.com/symbol/foe",
"FBR","Fibria Celulose S.A.","19.06","10557994352.76","n/a","1997","Basic Industries","Paper","https://www.nasdaq.com/symbol/fbr",
"AG","First Majestic Silver Corp.","5.59","1082590145","n/a","n/a","Basic Industries","Precious Metals","https://www.nasdaq.com/symbol/ag",
"FSI","Flexible Solutions International Inc.","1.48","17213866.68","n/a","n/a","Basic Industries","Major Chemicals","https://www.nasdaq.com/symbol/fsi",
"FTK","Flotek Industries, Inc.","1.8","102525607.8","n/a","n/a","Basic Industries","Major Chemicals","https://www.nasdaq.com/symbol/ftk",
"FLR","Fluor Corporation","43.4","6102863341.4","n/a","n/a","Basic Industries","Military/Government/Technical","https://www.nasdaq.com/symbol/flr",
"FMC","FMC Corporation","76.25","10265510812.5","n/a","n/a","Basic Industries","Major Chemicals","https://www.nasdaq.com/symbol/fmc",
"FSM","Fortuna Silver Mines Inc.","3.76","601297677.2","n/a","n/a","Basic Industries","Precious Metals","https://www.nasdaq.com/symbol/fsm",
"FBHS","Fortune Brands Home & Security, Inc.","41.41","5897598493.29","n/a","n/a","Basic Industries","Homebuilding","https://www.nasdaq.com/symbol/fbhs",
"FNV","Franco-Nevada Corporation","61.78","11513505769.32","n/a","n/a","Basic Industries","Precious Metals","https://www.nasdaq.com/symbol/fnv",
"FCX","Freeport-McMoran, Inc.","11.09","16069441218.35","n/a","n/a","Basic Industries","Precious Metals","https://www.nasdaq.com/symbol/fcx",
"FF","FutureFuel Corp.","15.98","699007978.46","n/a","n/a","Basic Industries","Major Chemicals","https://www.nasdaq.com/symbol/ff",
"GFA","Gafisa SA","6.19","135822892.71","n/a","2007","Basic Industries","Homebuilding","https://www.nasdaq.com/symbol/gfa",
"GCP","GCP Applied Technologies Inc.","25.16","1815488461.64","n/a","2016","Basic Industries","Major Chemicals","https://www.nasdaq.com/symbol/gcp",
"GMO","General Moly, Inc","0.1986","23895328.9722","n/a","n/a","Basic Industries","Precious Metals","https://www.nasdaq.com/symbol/gmo",
"GEVO","Gevo, Inc.","2.95","23850997.8","n/a","2011","Basic Industries","Major Chemicals","https://www.nasdaq.com/symbol/gevo",
"GLT","Glatfelter","17.31","757816428.72","n/a","n/a","Basic Industries","Paper","https://www.nasdaq.com/symbol/glt",
"GFI","Gold Fields Limited","2.71","2223864528.07","n/a","n/a","Basic Industries","Precious Metals","https://www.nasdaq.com/symbol/gfi",
"GORO","Gold Resource Corporation","5.35","308117478.2","n/a","n/a","Basic Industries","Precious Metals","https://www.nasdaq.com/symbol/goro",
"GSV","Gold Standard Ventures Corporation","1.48","384518323.44","n/a","n/a","Basic Industries","Mining & Quarrying of Nonmetallic Minerals (No Fuels)","https://www.nasdaq.com/symbol/gsv",
"GG","Goldcorp Inc.","8.98","7808379875.94","n/a","n/a","Basic Industries","Precious Metals","https://www.nasdaq.com/symbol/gg",
"AUMN","Golden Minerals Company","0.232","22184024.672","n/a","n/a","Basic Industries","Precious Metals","https://www.nasdaq.com/symbol/aumn",
"GSS","Golden Star Resources, Ltd","0.6728","73205357.0008","n/a","n/a","Basic Industries","Precious Metals","https://www.nasdaq.com/symbol/gss",
"GV","Goldfield Corporation (The)","3.74","95188063.96","n/a","n/a","Basic Industries","Water Supply","https://www.nasdaq.com/symbol/gv",
"GRAM","Grana y Montero S.A.A.","3.21","423754533.18","n/a","2018","Basic Industries","Military/Government/Technical","https://www.nasdaq.com/symbol/gram",
"GVA","Granite Construction Incorporated","45.98","2101063364.84","n/a","n/a","Basic Industries","Military/Government/Technical","https://www.nasdaq.com/symbol/gva",
"GLDD","Great Lakes Dredge & Dock Corporation","5.67","353271663.36","n/a","n/a","Basic Industries","Military/Government/Technical","https://www.nasdaq.com/symbol/gldd",
"GPL","Great Panther Silver Limited","0.6611","111807825.4953","n/a","n/a","Basic Industries","Precious Metals","https://www.nasdaq.com/symbol/gpl",
"GPP","Green Plains Partners LP","15.14","481912725.34","n/a","2015","Basic Industries","Major Chemicals","https://www.nasdaq.com/symbol/gpp",
"GPRE","Green Plains, Inc.","16.68","691046578.68","n/a","n/a","Basic Industries","Major Chemicals","https://www.nasdaq.com/symbol/gpre",
"SIM","Grupo Simec, S.A. de C.V.","8.21","1362064212.91","n/a","1993","Basic Industries","Steel/Iron Ore","https://www.nasdaq.com/symbol/sim",
"GURE","Gulf Resources, Inc.","0.95","44463601.45","n/a","n/a","Basic Industries","Major Chemicals","https://www.nasdaq.com/symbol/gure",
"FUL","H. B. Fuller Company","42.07","2132768309.35","n/a","n/a","Basic Industries","Home Furnishings","https://www.nasdaq.com/symbol/ful",
"HMY","Harmony Gold Mining Company Limited","1.94","992798233.98","n/a","n/a","Basic Industries","Precious Metals","https://www.nasdaq.com/symbol/hmy",
"HL","Hecla Mining Company","2.43","1159141118.58","n/a","n/a","Basic Industries","Mining & Quarrying of Nonmetallic Minerals (No Fuels)","https://www.nasdaq.com/symbol/hl",
"HL^B","Hecla Mining Company","53.15","0","n/a","n/a","Basic Industries","Mining & Quarrying of Nonmetallic Minerals (No Fuels)","https://www.nasdaq.com/symbol/hl^b",
"HCCI","Heritage-Crystal Clean, Inc.","22.45","517474947.05","n/a","2008","Basic Industries","Miscellaneous","https://www.nasdaq.com/symbol/hcci",
"HXL","Hexcel Corporation","57.04","4910886350.32","n/a","n/a","Basic Industries","Major Chemicals","https://www.nasdaq.com/symbol/hxl",
"HCLP","Hi-Crush Partners LP","7.93","798325050.51","n/a","2012","Basic Industries","Mining & Quarrying of Nonmetallic Minerals (No Fuels)","https://www.nasdaq.com/symbol/hclp",
"HBM","Hudbay Minerals Inc.","3.66","956256072.66","n/a","n/a","Basic Industries","Precious Metals","https://www.nasdaq.com/symbol/hbm",
"HUN","Huntsman Corporation","20.78","4963665465.54","n/a","2005","Basic Industries","Major Chemicals","https://www.nasdaq.com/symbol/hun",
"HYGS","Hydrogenics Corporation","6.1","94229646.3","n/a","n/a","Basic Industries","Major Chemicals","https://www.nasdaq.com/symbol/hygs",
"IAG","Iamgold Corporation","3.55","1656313489","n/a","n/a","Basic Industries","Precious Metals","https://www.nasdaq.com/symbol/iag",
"NGVT","Ingevity Corporation","86.53","3638296278.38","n/a","2016","Basic Industries","Major Chemicals","https://www.nasdaq.com/symbol/ngvt",
"IOSP","Innospec Inc.","65.11","1589756426.81","n/a","n/a","Basic Industries","Major Chemicals","https://www.nasdaq.com/symbol/iosp",
"IBP","Installed Building Products, Inc.","29.81","942185263.69","n/a","2014","Basic Industries","Homebuilding","https://www.nasdaq.com/symbol/ibp",
"IFF","International Flavors & Fragrances, Inc.","139.79","14909135680.53","n/a","n/a","Basic Industries","Major Chemicals","https://www.nasdaq.com/symbol/iff",
"IFFT","International Flavors & Fragrances, Inc.","55.85","0","n/a","n/a","Basic Industries","Major Chemicals","https://www.nasdaq.com/symbol/ifft",
"IP","International Paper Company","43.64","17843438756.6","n/a","n/a","Basic Industries","Paper","https://www.nasdaq.com/symbol/ip",
"THM","International Tower Hill Mines Ltd","0.5319","99367793.6877","n/a","n/a","Basic Industries","Precious Metals","https://www.nasdaq.com/symbol/thm",
"IPI","Intrepid Potash, Inc","3.31","433963839","n/a","2008","Basic Industries","Mining & Quarrying of Nonmetallic Minerals (No Fuels)","https://www.nasdaq.com/symbol/ipi",
"ICL","Israel Chemicals Shs","5.64","7220334469.08","n/a","2014","Basic Industries","Agricultural Chemicals","https://www.nasdaq.com/symbol/icl",
"JEC","Jacobs Engineering Group Inc.","72.4","10273856767.6","n/a","n/a","Basic Industries","Military/Government/Technical","https://www.nasdaq.com/symbol/jec",
"JELD","JELD-WEN Holding, Inc.","15.21","1595973314.52","n/a","2017","Basic Industries","Forest Products","https://www.nasdaq.com/symbol/jeld",
"KS","KapStone Paper and Packaging Corporation","31.64","3099162141.32","n/a","n/a","Basic Industries","Paper","https://www.nasdaq.com/symbol/ks",
"KBR","KBR, Inc.","18.33","2579007464.28","n/a","2006","Basic Industries","Military/Government/Technical","https://www.nasdaq.com/symbol/kbr",
"KGC","Kinross Gold Corporation","2.63","3288101799.23","n/a","n/a","Basic Industries","Precious Metals","https://www.nasdaq.com/symbol/kgc",
"KL","Kirkland Lake Gold Ltd.","19.52","4096411802.24","n/a","n/a","Basic Industries","Precious Metals","https://www.nasdaq.com/symbol/kl",
"KMG","KMG Chemicals, Inc.","74.49","1158579023.16","n/a","n/a","Basic Industries","Major Chemicals","https://www.nasdaq.com/symbol/kmg",
"KOP","Koppers Holdings Inc.","26.16","553992412.8","n/a","2006","Basic Industries","Forest Products","https://www.nasdaq.com/symbol/kop",
"KRA","Kraton Corporation","27.1","866037193.2","n/a","2009","Basic Industries","Major Chemicals","https://www.nasdaq.com/symbol/kra",
"KRO","Kronos Worldwide Inc","13.54","1569390230.92","n/a","n/a","Basic Industries","Major Chemicals","https://www.nasdaq.com/symbol/kro",
"FSTR","L.B. Foster Company","17.6","185910560","n/a","n/a","Basic Industries","Metal Fabrications","https://www.nasdaq.com/symbol/fstr",
"LEN","Lennar Corporation","41.01","13544996790.18","n/a","n/a","Basic Industries","Homebuilding","https://www.nasdaq.com/symbol/len",
"LEN.B","Lennar Corporation","n/a","0","n/a","n/a","Basic Industries","Homebuilding","https://www.nasdaq.com/symbol/len.b",
"LMB","Limbach Holdings, Inc.","9.38","71201497.64","n/a","n/a","Basic Industries","Engineering & Construction","https://www.nasdaq.com/symbol/lmb",
"LAC","Lithium Americas Corp.","3.4","301209937.2","n/a","n/a","Basic Industries","Precious Metals","https://www.nasdaq.com/symbol/lac",
"LTHM","Livent Corporation","15.55","0","n/a","2018","Basic Industries","Major Chemicals","https://www.nasdaq.com/symbol/lthm",
"LOOP","Loop Industries, Inc.","9.5","321154207","n/a","n/a","Basic Industries","Major Chemicals","https://www.nasdaq.com/symbol/loop",
"LPX","Louisiana-Pacific Corporation","21.12","3014174676.48","n/a","n/a","Basic Industries","Forest Products","https://www.nasdaq.com/symbol/lpx",
"LXU","Lsb Industries Inc.","7.68","219789626.88","n/a","n/a","Basic Industries","Major Chemicals","https://www.nasdaq.com/symbol/lxu",
"LXFR","Luxfer Holdings PLC","21.75","576472309.5","n/a","2012","Basic Industries","Major Chemicals","https://www.nasdaq.com/symbol/lxfr",
"LYB","LyondellBasell Industries NV","88.45","34435707446.2","n/a","n/a","Basic Industries","Major Chemicals","https://www.nasdaq.com/symbol/lyb",
"MAG","MAG Silver Corporation","7.22","617595016.72","n/a","n/a","Basic Industries","Precious Metals","https://www.nasdaq.com/symbol/mag",
"MBII","Marrone Bio Innovations, Inc.","1.67","184683544.83","n/a","2013","Basic Industries","Agricultural Chemicals","https://www.nasdaq.com/symbol/mbii",
"MLM","Martin Marietta Materials, Inc.","153.43","9667926863.96","n/a","1994","Basic Industries","Mining & Quarrying of Nonmetallic Minerals (No Fuels)","https://www.nasdaq.com/symbol/mlm",
"MAS","Masco Corporation","27.45","8440235332.65","n/a","n/a","Basic Industries","Forest Products","https://www.nasdaq.com/symbol/mas",
"DOOR","Masonite International Corporation","54.42","1501520233.02","n/a","n/a","Basic Industries","Forest Products","https://www.nasdaq.com/symbol/door",
"MTZ","MasTec, Inc.","41.02","3292832014.36","n/a","n/a","Basic Industries","Water Supply","https://www.nasdaq.com/symbol/mtz",
"MTRX","Matrix Service Company","20.32","548831414.4","n/a","1990","Basic Industries","Engineering & Construction","https://www.nasdaq.com/symbol/mtrx",
"MUX","McEwen Mining Inc.","2.11","711674263.91","n/a","n/a","Basic Industries","Precious Metals","https://www.nasdaq.com/symbol/mux",
"MDU","MDU Resources Group, Inc.","25.52","5002387628.48","n/a","n/a","Basic Industries","Mining & Quarrying of Nonmetallic Minerals (No Fuels)","https://www.nasdaq.com/symbol/mdu",
"MTL","Mechel PAO","2.72","679353855.84","n/a","2004","Basic Industries","Steel/Iron Ore","https://www.nasdaq.com/symbol/mtl",
"MERC","Mercer International Inc.","14.885","970526723.985","n/a","n/a","Basic Industries","Paper","https://www.nasdaq.com/symbol/merc",
"MSB","Mesabi Trust","28.23","370377882.3","n/a","n/a","Basic Industries","Precious Metals","https://www.nasdaq.com/symbol/msb",
"MEOH","Methanex Corporation","63.72","5001718476.96","n/a","n/a","Basic Industries","Major Chemicals","https://www.nasdaq.com/symbol/meoh",
"MTX","Minerals Technologies Inc.","54.22","1914244745.02","n/a","1992","Basic Industries","Major Chemicals","https://www.nasdaq.com/symbol/mtx",
"MOS","Mosaic Company (The)","29.63","11421117043.66","n/a","n/a","Basic Industries","Agricultural Chemicals","https://www.nasdaq.com/symbol/mos",
"MPVD","Mountain Province Diamonds Inc.","1.73","363310051.3","n/a","n/a","Basic Industries","Precious Metals","https://www.nasdaq.com/symbol/mpvd",
"MYRG","MYR Group, Inc.","32.82","543683123.28","n/a","n/a","Basic Industries","Water Supply","https://www.nasdaq.com/symbol/myrg",
"NP","Neenah, Inc.","76.94","1295096858.64","n/a","n/a","Basic Industries","Paper","https://www.nasdaq.com/symbol/np",
"NSU","Nevsun Resources Ltd","4.42","1337459610.24","n/a","n/a","Basic Industries","Precious Metals","https://www.nasdaq.com/symbol/nsu",
"NGD","New Gold Inc.","0.8381","485048982.0778","n/a","n/a","Basic Industries","Precious Metals","https://www.nasdaq.com/symbol/ngd",
"NEWA","Newater Technology, Inc.","8.34","90147060","n/a","2017","Basic Industries","Miscellaneous","https://www.nasdaq.com/symbol/newa",
"NEU","NewMarket Corporation","379.12","4323496232.72","n/a","n/a","Basic Industries","Major Chemicals","https://www.nasdaq.com/symbol/neu",
"NEM","Newmont Mining Corporation","30.76","16384628613.28","n/a","n/a","Basic Industries","Precious Metals","https://www.nasdaq.com/symbol/nem",
"NEXA","Nexa Resources S.A.","11.08","1477191284.04","n/a","2017","Basic Industries","Precious Metals","https://www.nasdaq.com/symbol/nexa",
"NXE","Nexgen Energy Ltd.","1.91","665574009.88","n/a","n/a","Basic Industries","Precious Metals","https://www.nasdaq.com/symbol/nxe",
"NL","NL Industries, Inc.","5.4","263130573.6","n/a","n/a","Basic Industries","Major Chemicals","https://www.nasdaq.com/symbol/nl",
"OSB","Norbord Inc.","24.56","2132996605.76","n/a","n/a","Basic Industries","Forest Products","https://www.nasdaq.com/symbol/osb",
"NAK","Northern Dynasty Minerals, Ltd.","0.47","146958500.2","n/a","n/a","Basic Industries","Precious Metals","https://www.nasdaq.com/symbol/nak",
"NWPX","Northwest Pipe Company","17.79","173186628.45","n/a","1995","Basic Industries","Steel/Iron Ore","https://www.nasdaq.com/symbol/nwpx",
"NG","Novagold Resources Inc.","4.12","1329394941","n/a","n/a","Basic Industries","Precious Metals","https://www.nasdaq.com/symbol/ng",
"NRCG","NRC Group Holdings Corp.","8.95","69741971.05","n/a","2017","Basic Industries","Environmental Services","https://www.nasdaq.com/symbol/nrcg",
"NUE","Nucor Corporation","56.85","17984127292.8","n/a","n/a","Basic Industries","Steel/Iron Ore","https://www.nasdaq.com/symbol/nue",
"NTR","Nutrien Ltd.","51.01","31226559502.48","n/a","2018","Basic Industries","Agricultural Chemicals","https://www.nasdaq.com/symbol/ntr",
"OLN","Olin Corporation","19.9","3323307363","n/a","n/a","Basic Industries","Major Chemicals","https://www.nasdaq.com/symbol/oln",
"ZEUS","Olympic Steel, Inc.","18.54","204095717.46","n/a","1994","Basic Industries","Metal Fabrications","https://www.nasdaq.com/symbol/zeus",
"OMN","OMNOVA Solutions Inc.","7.55","338834426.6","n/a","n/a","Basic Industries","Specialty Chemicals","https://www.nasdaq.com/symbol/omn",
"OPNT","Opiant Pharmaceuticals, Inc.","17.72","65361052.84","n/a","n/a","Basic Industries","Precious Metals","https://www.nasdaq.com/symbol/opnt",
"OCC","Optical Cable Corporation","4.6","35395344","n/a","n/a","Basic Industries","Telecommunications Equipment","https://www.nasdaq.com/symbol/occ",
"TIS","Orchids Paper Products Company","1.63","17392667.24","n/a","2005","Basic Industries","Paper","https://www.nasdaq.com/symbol/tis",
"OEC","Orion Engineered Carbons S.A","24.3","1443591047.7","n/a","2014","Basic Industries","Major Chemicals","https://www.nasdaq.com/symbol/oec",
"ORN","Orion Group Holdings, Inc.","4.92","142145181.24","n/a","n/a","Basic Industries","Military/Government/Technical","https://www.nasdaq.com/symbol/orn",
"OR","Osisko Gold Royalties Ltd","7.6","1187560534","n/a","2016","Basic Industries","Precious Metals","https://www.nasdaq.com/symbol/or",
"OSN","Ossen Innovation Co., Ltd.","1.87","4201957.32","2247036","2010","Basic Industries","Steel/Iron Ore","https://www.nasdaq.com/symbol/osn",
"PEIX","Pacific Ethanol, Inc.","1.42","63836508.96","n/a","n/a","Basic Industries","Major Chemicals","https://www.nasdaq.com/symbol/peix",
"PAAS","Pan American Silver Corp.","14.8","2269101027.6","n/a","n/a","Basic Industries","Precious Metals","https://www.nasdaq.com/symbol/paas",
"PZG","Paramount Gold Nevada Corp.","1.04","26493952.16","n/a","2015","Basic Industries","Precious Metals","https://www.nasdaq.com/symbol/pzg",
"PATK","Patrick Industries, Inc.","40.49","993299951.18","n/a","n/a","Basic Industries","Forest Products","https://www.nasdaq.com/symbol/patk",
"PESI","Perma-Fix Environmental Services, Inc.","3.85","45900335.25","n/a","n/a","Basic Industries","Environmental Services","https://www.nasdaq.com/symbol/pesi",
"PGLC","Pershing Gold Corporation","1.45","48653574.05","n/a","n/a","Basic Industries","Precious Metals","https://www.nasdaq.com/symbol/pglc",
"PAH","Platform Specialty Products Corporation","10.35","2983188593.7","n/a","2014","Basic Industries","Major Chemicals","https://www.nasdaq.com/symbol/pah",
"PLG","Platinum Group Metals Ltd.","0.147","42815089.17","n/a","n/a","Basic Industries","Precious Metals","https://www.nasdaq.com/symbol/plg",
"PLM","Polymet Mining Corp.","0.88","282184160.72","n/a","n/a","Basic Industries","Precious Metals","https://www.nasdaq.com/symbol/plm",
"POL","PolyOne Corporation","31.11","2483213919.51","n/a","n/a","Basic Industries","Major Chemicals","https://www.nasdaq.com/symbol/pol",
"PKX","POSCO","57.37","18358659771.36","n/a","1994","Basic Industries","Steel/Iron Ore","https://www.nasdaq.com/symbol/pkx",
"PPG","PPG Industries, Inc.","102.89","24681750055.81","n/a","n/a","Basic Industries","Paints/Coatings","https://www.nasdaq.com/symbol/ppg",
"PQG","PQ Group Holdings Inc.","15.03","2032125694.11","n/a","2017","Basic Industries","Major Chemicals","https://www.nasdaq.com/symbol/pqg",
"PX","Praxair, Inc.","165.49","47590916494.16","n/a","n/a","Basic Industries","Major Chemicals","https://www.nasdaq.com/symbol/px",
"PLPC","Preformed Line Products Company","64.96","327187150.08","n/a","n/a","Basic Industries","Water Supply","https://www.nasdaq.com/symbol/plpc",
"PVG","Pretium Resources, Inc.","7.84","1437530420.48","n/a","n/a","Basic Industries","Precious Metals","https://www.nasdaq.com/symbol/pvg",
"PRIM","Primoris Services Corporation","21.3","1097816143.2","n/a","n/a","Basic Industries","Water Supply","https://www.nasdaq.com/symbol/prim",
"PG","Procter & Gamble Company (The)","88.24","219841870950.96","n/a","n/a","Basic Industries","Package Goods/Cosmetics","https://www.nasdaq.com/symbol/pg",
"KWR","Quaker Chemical Corporation","176.03","2346628645.35","n/a","n/a","Basic Industries","Major Chemicals","https://www.nasdaq.com/symbol/kwr",
"GOLD","Randgold Resources Limited","79.13","3121317113.29","39445433","n/a","Basic Industries","Precious Metals","https://www.nasdaq.com/symbol/gold",
"RYAM","Rayonier Advanced Materials Inc.","11.96","612509644.76","n/a","2014","Basic Industries","Major Chemicals","https://www.nasdaq.com/symbol/ryam",
"RGSE","Real Goods Solar, Inc.","0.3671","20961410","n/a","n/a","Basic Industries","Engineering & Construction","https://www.nasdaq.com/symbol/rgse",
"RS","Reliance Steel & Aluminum Co.","75.43","5388954617.03","n/a","1994","Basic Industries","Metal Fabrications","https://www.nasdaq.com/symbol/rs",
"REGI","Renewable Energy Group, Inc.","29.39","1095034280.43","n/a","2012","Basic Industries","Major Chemicals","https://www.nasdaq.com/symbol/regi",
"RFP","Resolute Forest Products Inc.","11.11","1004943540.04","n/a","n/a","Basic Industries","Paper","https://www.nasdaq.com/symbol/rfp",
"REX","REX American Resources Corporation","71.39","453450647.21","n/a","n/a","Basic Industries","Major Chemicals","https://www.nasdaq.com/symbol/rex",
"RIO","Rio Tinto Plc","47.65","82196552768.1","n/a","2002","Basic Industries","Precious Metals","https://www.nasdaq.com/symbol/rio",
"ROG","Rogers Corporation","120.19","2209806489.17","n/a","n/a","Basic Industries","Major Chemicals","https://www.nasdaq.com/symbol/rog",
"RGLD","Royal Gold, Inc.","75.46","4943437950.22","n/a","n/a","Basic Industries","Precious Metals","https://www.nasdaq.com/symbol/rgld",
"RPM","RPM International Inc.","58.92","7819754929.92","n/a","n/a","Basic Industries","Paints/Coatings","https://www.nasdaq.com/symbol/rpm",
"RYI","Ryerson Holding Corporation","8.9","331933883.8","n/a","2014","Basic Industries","Metal Fabrications","https://www.nasdaq.com/symbol/ryi",
"SAND          ","Sandstorm Gold Ltd","3.76","690894596.88","n/a","n/a","Basic Industries","Precious Metals","https://www.nasdaq.com/symbol/sand",
"SWM","Schweitzer-Mauduit International, Inc.","32.03","985159329.82","n/a","n/a","Basic Industries","Paper","https://www.nasdaq.com/symbol/swm",
"SMG","Scotts Miracle-Gro Company (The)","66.12","3665264937.48","n/a","1992","Basic Industries","Agricultural Chemicals","https://www.nasdaq.com/symbol/smg",
"SA","Seabridge Gold, Inc.","12.7","754663438.6","n/a","n/a","Basic Industries","Precious Metals","https://www.nasdaq.com/symbol/sa",
"SEE","Sealed Air Corporation","31.31","4972415304.7","n/a","n/a","Basic Industries","Major Chemicals","https://www.nasdaq.com/symbol/see",
"SIC","Select Interior Concepts, Inc.","9.45","0","n/a","n/a","Basic Industries","Homebuilding","https://www.nasdaq.com/symbol/sic",
"SNES","SenesTech, Inc.","0.75","17568965.25","n/a","2016","Basic Industries","Agricultural Chemicals","https://www.nasdaq.com/symbol/snes",
"SXT","Sensient Technologies Corporation","64.04","2707337300.92","n/a","n/a","Basic Industries","Major Chemicals","https://www.nasdaq.com/symbol/sxt",
"SMED","Sharps Compliance Corp.","3.49","56126253.29","n/a","n/a","Basic Industries","Environmental Services","https://www.nasdaq.com/symbol/smed",
"SBGL","Sibanye Gold Limited","2.88","1631433121.92","n/a","n/a","Basic Industries","Precious Metals","https://www.nasdaq.com/symbol/sbgl",
"SMTS","Sierra Metals Inc.","2.3","375882870.5","n/a","n/a","Basic Industries","Precious Metals","https://www.nasdaq.com/symbol/smts",
"SVM","Silvercorp Metals Inc.","2.35","395692088.2","n/a","n/a","Basic Industries","Precious Metals","https://www.nasdaq.com/symbol/svm",
"SILV","SilverCrest Metals Inc.","2.6","192600018","n/a","2018","Basic Industries","Precious Metals","https://www.nasdaq.com/symbol/silv",
"SHI","SINOPEC Shangai Petrochemical Company, Ltd.","42.3","4578473322","n/a","n/a","Basic Industries","Major Chemicals","https://www.nasdaq.com/symbol/shi",
"SKY","Skyline Champion Corporation","23.07","1302886370.64","n/a","n/a","Basic Industries","Homebuilding","https://www.nasdaq.com/symbol/sky",
"SND","Smart Sand, Inc.","2.65","110240286.2","n/a","2016","Basic Industries","Mining & Quarrying of Nonmetallic Minerals (No Fuels)","https://www.nasdaq.com/symbol/snd",
"SQM","Sociedad Quimica y Minera S.A.","41.11","10820009101.64","n/a","1993","Basic Industries","Mining & Quarrying of Nonmetallic Minerals (No Fuels)","https://www.nasdaq.com/symbol/sqm",
"XPL","Solitario Zinc Corp.","0.3092","18027400.7672","n/a","n/a","Basic Industries","Precious Metals","https://www.nasdaq.com/symbol/xpl",
"SCCO","Southern Copper Corporation","35.87","27729105103.03","n/a","n/a","Basic Industries","Precious Metals","https://www.nasdaq.com/symbol/scco",
"SSRM","SSR Mining Inc.","9.97","1198724515.47","n/a","n/a","Basic Industries","Precious Metals","https://www.nasdaq.com/symbol/ssrm",
"STLD","Steel Dynamics, Inc.","38.59","9060378233.5","n/a","1996","Basic Industries","Steel/Iron Ore","https://www.nasdaq.com/symbol/stld",
"SCL","Stepan Company","83.15","1872746457.05","n/a","n/a","Basic Industries","Package Goods/Cosmetics","https://www.nasdaq.com/symbol/scl",
"SRCL","Stericycle, Inc.","49.14","4220525509.2","n/a","1996","Basic Industries","Environmental Services","https://www.nasdaq.com/symbol/srcl",
"STRL","Sterling Construction Company Inc","11.53","312047135.96","n/a","n/a","Basic Industries","Military/Government/Technical","https://www.nasdaq.com/symbol/strl",
"SUM","Summit Materials, Inc.","11.78","1314993589.86","n/a","2015","Basic Industries","Mining & Quarrying of Nonmetallic Minerals (No Fuels)","https://www.nasdaq.com/symbol/sum",
"SXCP","SunCoke Energy Partners, L.P.","14.12","652727329.76","n/a","2013","Basic Industries","Steel/Iron Ore","https://www.nasdaq.com/symbol/sxcp",
"SXC","SunCoke Energy, Inc.","11.16","722592434.16","n/a","2011","Basic Industries","Steel/Iron Ore","https://www.nasdaq.com/symbol/sxc",
"SYNL","Synalloy Corporation","18.24","160552237.44","n/a","n/a","Basic Industries","Steel/Iron Ore","https://www.nasdaq.com/symbol/synl",
"SES","Synthesis Energy Systems, Inc.","1.2726","13997827.5318","n/a","n/a","Basic Industries","Major Chemicals","https://www.nasdaq.com/symbol/ses",
"TAHO","Tahoe Resources, Inc.","2.51","786417311.7","n/a","n/a","Basic Industries","Precious Metals","https://www.nasdaq.com/symbol/taho",
"TANH","Tantech Holdings Ltd.","1.58","45351122.36","n/a","2015","Basic Industries","Major Chemicals","https://www.nasdaq.com/symbol/tanh",
"TRX","Tanzanian Royalty Exploration Corporation","0.3865","48375423.3595","n/a","n/a","Basic Industries","Precious Metals","https://www.nasdaq.com/symbol/trx",
"TGB","Taseko Mines Limited","0.6404","146248041.6936","n/a","n/a","Basic Industries","Precious Metals","https://www.nasdaq.com/symbol/tgb",
"TECK","Teck Resources Ltd","18.68","10590229199.44","n/a","n/a","Basic Industries","Mining & Quarrying of Nonmetallic Minerals (No Fuels)","https://www.nasdaq.com/symbol/teck",
"TS","Tenaris S.A.","28.76","16976122060","n/a","n/a","Basic Industries","Steel/Iron Ore","https://www.nasdaq.com/symbol/ts",
"TX","Ternium S.A.","29.02","5696848786.54","n/a","n/a","Basic Industries","Steel/Iron Ore","https://www.nasdaq.com/symbol/tx",
"AES","The AES Corporation","14.52","9607643926.32","n/a","n/a","Basic Industries","Electric Utilities: Central","https://www.nasdaq.com/symbol/aes",
"TMST","TimkenSteel Corporation","12.21","544378796.28","n/a","2014","Basic Industries","Steel/Iron Ore","https://www.nasdaq.com/symbol/tmst",
"TWI","Titan International, Inc.","6.56","392928380.64","n/a","n/a","Basic Industries","Steel/Iron Ore","https://www.nasdaq.com/symbol/twi",
"BLD","TopBuild Corp.","43.02","1533247641.9","n/a","2015","Basic Industries","Engineering & Construction","https://www.nasdaq.com/symbol/bld",
"TREX","Trex Company, Inc.","58.11","3412605224.73","n/a","n/a","Basic Industries","Forest Products","https://www.nasdaq.com/symbol/trex",
"TMQ","Trilogy Metals Inc.","2.01","264381195.33","n/a","n/a","Basic Industries","Precious Metals","https://www.nasdaq.com/symbol/tmq",
"TSE","Trinseo S.A.","52.87","2252244870.12","n/a","2014","Basic Industries","Major Chemicals","https://www.nasdaq.com/symbol/tse",
"TROX","Tronox Limited","11.1","1364187014.1","n/a","n/a","Basic Industries","Major Chemicals","https://www.nasdaq.com/symbol/trox",
"TRQ","Turquoise Hill Resources Ltd.","1.61","3239826295.09","n/a","n/a","Basic Industries","Precious Metals","https://www.nasdaq.com/symbol/trq",
"TPC","Tutor Perini Corporation","15.93","796760105.04","n/a","n/a","Basic Industries","General Bldg Contractors - Nonresidential Bldgs","https://www.nasdaq.com/symbol/tpc",
"SLCA","U.S. Silica Holdings, Inc.","13.94","1080507075.92","n/a","2012","Basic Industries","Mining & Quarrying of Nonmetallic Minerals (No Fuels)","https://www.nasdaq.com/symbol/slca",
"UN","Unilever NV","53.89","144125278168.95","n/a","n/a","Basic Industries","Package Goods/Cosmetics","https://www.nasdaq.com/symbol/un",
"UL","Unilever PLC","53.15","143473118504","n/a","n/a","Basic Industries","Package Goods/Cosmetics","https://www.nasdaq.com/symbol/ul",
"USLM","United States Lime & Minerals, Inc.","75.39","422029450.5","n/a","n/a","Basic Industries","Mining & Quarrying of Nonmetallic Minerals (No Fuels)","https://www.nasdaq.com/symbol/uslm",
"X","United States Steel Corporation","25.36","4494387351.36","n/a","n/a","Basic Industries","Steel/Iron Ore","https://www.nasdaq.com/symbol/x",
"UFPI","Universal Forest Products, Inc.","27.24","1678866603.24","n/a","1993","Basic Industries","Forest Products","https://www.nasdaq.com/symbol/ufpi",
"USAP","Universal Stainless & Alloy Products, Inc.","18.51","161499564.9","n/a","1994","Basic Industries","Steel/Iron Ore","https://www.nasdaq.com/symbol/usap",
"URG","Ur Energy Inc","0.6089","96826912.0511","n/a","n/a","Basic Industries","Precious Metals","https://www.nasdaq.com/symbol/urg",
"UEC","Uranium Energy Corp.","1.24","218393003.6","n/a","n/a","Basic Industries","Precious Metals","https://www.nasdaq.com/symbol/uec",
"VALE","VALE S.A.","14.27","73641681560.01","n/a","n/a","Basic Industries","Precious Metals","https://www.nasdaq.com/symbol/vale",
"VHI","Valhi, Inc.","2.18","739424278.82","n/a","n/a","Basic Industries","Major Chemicals","https://www.nasdaq.com/symbol/vhi",
"VVV","Valvoline Inc.","19.74","3765346174.8","n/a","2016","Basic Industries","Major Chemicals","https://www.nasdaq.com/symbol/vvv",
"VNTR","Venator Materials PLC","8","851208992","n/a","2017","Basic Industries","Major Chemicals","https://www.nasdaq.com/symbol/vntr",
"VRS","Verso Corporation","28.06","969567393.84","n/a","2016","Basic Industries","Paper","https://www.nasdaq.com/symbol/vrs",
"VSM","Versum Materials, Inc.","30.44","3316412673.92","n/a","2016","Basic Industries","Major Chemicals","https://www.nasdaq.com/symbol/vsm",
"VGZ","Vista Gold Corporation","0.5597","56020127.2917","n/a","n/a","Basic Industries","Precious Metals","https://www.nasdaq.com/symbol/vgz",
"VMC","Vulcan Materials Company","84.2","11136981513.8","n/a","n/a","Basic Industries","Mining & Quarrying of Nonmetallic Minerals (No Fuels)","https://www.nasdaq.com/symbol/vmc",
"GRA","W.R. Grace & Co.","63.32","4248671384.52","n/a","n/a","Basic Industries","Major Chemicals","https://www.nasdaq.com/symbol/gra",
"WDFC","WD-40 Company","164.93","2282085281.7","n/a","1973","Basic Industries","Major Chemicals","https://www.nasdaq.com/symbol/wdfc",
"WST","West Pharmaceutical Services, Inc.","101.32","7450898326.96","n/a","n/a","Basic Industries","Specialty Chemicals","https://www.nasdaq.com/symbol/wst",
"WRN","Western Copper and Gold Corporation","0.65","65509600.65","n/a","2011","Basic Industries","Precious Metals","https://www.nasdaq.com/symbol/wrn",
"WLK","Westlake Chemical Corporation","70.33","9118755851.66","n/a","2004","Basic Industries","Major Chemicals","https://www.nasdaq.com/symbol/wlk",
"WLKP","Westlake Chemical Partners LP","23.4","754352024.4","n/a","2014","Basic Industries","Major Chemicals","https://www.nasdaq.com/symbol/wlkp",
"WWR","Westwater Resources, Inc.","0.17","8839399.22","n/a","n/a","Basic Industries","Precious Metals","https://www.nasdaq.com/symbol/wwr",
"WPM","Wheaton Precious Metals Corp.","16.38","7272049124.34","n/a","n/a","Basic Industries","Precious Metals","https://www.nasdaq.com/symbol/wpm",
"XIN","Xinyuan Real Estate Co Ltd","3.92","252539371.28","n/a","2007","Basic Industries","Homebuilding","https://www.nasdaq.com/symbol/xin",
"AUY","Yamana Gold Inc.","2.24","2125901816.64","n/a","n/a","Basic Industries","Precious Metals","https://www.nasdaq.com/symbol/auy",
"YTEN","Yield10 Bioscience, Inc.","1.33","13315155.35","n/a","n/a","Basic Industries","Containers/Packaging","https://www.nasdaq.com/symbol/yten",
