"Symbol","Name","LastSale","MarketCap","ADR TSO","IPOyear","Sector","Industry","Summary Quote",
"AAON","AAON, Inc.","32.8","1714284292","n/a","n/a","Capital Goods","Industrial Machinery/Components","https://www.nasdaq.com/symbol/aaon",
"AIR","AAR Corp.","46.25","1620650690","n/a","n/a","Capital Goods","Aerospace","https://www.nasdaq.com/symbol/air",
"AXDX","Accelerate Diagnostics, Inc.","14.4","779443056","n/a","n/a","Capital Goods","Biotechnology: Laboratory Analytical Instruments","https://www.nasdaq.com/symbol/axdx",
"ACU","Acme United Corporation.","17","57359037","n/a","1988","Capital Goods","Industrial Machinery/Components","https://www.nasdaq.com/symbol/acu",
"ADNT","Adient plc","31.21","2914133815.58","n/a","2016","Capital Goods","Auto Parts:O.E.M.","https://www.nasdaq.com/symbol/adnt",
"ADOM","ADOMANI, Inc.","0.4444","32322230.5648","n/a","2017","Capital Goods","Auto Parts:O.E.M.","https://www.nasdaq.com/symbol/adom",
"WMS","Advanced Drainage Systems, Inc.","26.63","1516024436.22","n/a","2014","Capital Goods","Containers/Packaging","https://www.nasdaq.com/symbol/wms",
"AEIS","Advanced Energy Industries, Inc.","44.09","1724517124.94","n/a","1995","Capital Goods","Industrial Machinery/Components","https://www.nasdaq.com/symbol/aeis",
"AEHR","Aehr Test Systems","1.87","41614415.26","n/a","1997","Capital Goods","Electrical Products","https://www.nasdaq.com/symbol/aehr",
"AJRD","Aerojet Rocketdyne Holdings, Inc. ","29.78","2251368000","n/a","n/a","Capital Goods","Military/Government/Technical","https://www.nasdaq.com/symbol/ajrd",
"AVAV","AeroVironment, Inc.","85.65","2049657859.95","n/a","2007","Capital Goods","Aerospace","https://www.nasdaq.com/symbol/avav",
"AEMD","Aethlon Medical, Inc.","1.01","17976230.48","n/a","n/a","Capital Goods","Biotechnology: Laboratory Analytical Instruments","https://www.nasdaq.com/symbol/aemd",
"AGCO","AGCO Corporation","51.84","4101514911.36","n/a","n/a","Capital Goods","Industrial Machinery/Components","https://www.nasdaq.com/symbol/agco",
"UAVS","AgEagle Aerial Systems, Inc.","0.7898","8521152.9898","n/a","n/a","Capital Goods","Aerospace","https://www.nasdaq.com/symbol/uavs",
"A","Agilent Technologies, Inc.","62.08","19789213477.76","n/a","1999","Capital Goods","Biotechnology: Laboratory Analytical Instruments","https://www.nasdaq.com/symbol/a",
"AIRI","Air Industries Group","1.26","33281308.62","n/a","n/a","Capital Goods","Military/Government/Technical","https://www.nasdaq.com/symbol/airi",
"ALG","Alamo Group, Inc.","82.98","973162388.52","n/a","n/a","Capital Goods","Industrial Machinery/Components","https://www.nasdaq.com/symbol/alg",
"AMOT","Allied Motion Technologies, Inc.","41.3","391320721.4","n/a","n/a","Capital Goods","Electrical Products","https://www.nasdaq.com/symbol/amot",
"ALSN","Allison Transmission Holdings, Inc.","43.93","5731431520.17","n/a","2012","Capital Goods","Auto Parts:O.E.M.","https://www.nasdaq.com/symbol/alsn",
"AXL","American Axle & Manufacturing Holdings, Inc.","14.59","1629497966.73","n/a","n/a","Capital Goods","Auto Parts:O.E.M.","https://www.nasdaq.com/symbol/axl",
"AOBC","American Outdoor Brands Corporation","13.62","740778806.52","n/a","n/a","Capital Goods","Ordnance And Accessories","https://www.nasdaq.com/symbol/aobc",
"ARII","American Railcar Industries, Inc.","70.1","1337779847.8","n/a","2006","Capital Goods","Railroads","https://www.nasdaq.com/symbol/arii",
"AP","Ampco-Pittsburgh Corporation","3.68","45968672.16","n/a","n/a","Capital Goods","Fluid Controls","https://www.nasdaq.com/symbol/ap",
"APH","Amphenol Corporation","85.46","25668129948.52","n/a","n/a","Capital Goods","Electrical Products","https://www.nasdaq.com/symbol/aph",
"APOG","Apogee Enterprises, Inc.","33.52","944673612.24","n/a","n/a","Capital Goods","Auto Parts:O.E.M.","https://www.nasdaq.com/symbol/apog",
"APTV","Aptiv PLC","76.22","20178329216.7","n/a","2011","Capital Goods","Auto Parts:O.E.M.","https://www.nasdaq.com/symbol/aptv",
"ARCW","ARC Group Worldwide, Inc.","1.7","39694112.6","n/a","n/a","Capital Goods","Metal Fabrications","https://www.nasdaq.com/symbol/arcw",
"ARNC","Arconic Inc.","19.22","9282389679.96","n/a","n/a","Capital Goods","Metal Fabrications","https://www.nasdaq.com/symbol/arnc",
"ARTW","Art&#39;s-Way Manufacturing Co., Inc.","2.2234","9339316.1044","n/a","n/a","Capital Goods","Industrial Machinery/Components","https://www.nasdaq.com/symbol/artw",
"ASTE","Astec Industries, Inc.","34.23","790493996.46","n/a","1986","Capital Goods","Construction/Ag Equipment/Trucks","https://www.nasdaq.com/symbol/aste",
"ATRO","Astronics Corporation","29.17","942679043.27","n/a","n/a","Capital Goods","Military/Government/Technical","https://www.nasdaq.com/symbol/atro",
"ASTC","Astrotech Corporation","2.82","12704150.76","n/a","n/a","Capital Goods","Biotechnology: Laboratory Analytical Instruments","https://www.nasdaq.com/symbol/astc",
"ASV","ASV Holdings, Inc.","3.15","30976252.65","n/a","2017","Capital Goods","Construction/Ag Equipment/Trucks","https://www.nasdaq.com/symbol/asv",
"ALV","Autoliv, Inc.","84.86","7394097045.4","n/a","n/a","Capital Goods","Auto Parts:O.E.M.","https://www.nasdaq.com/symbol/alv",
"AVX","AVX Corporation","15.38","2595141316.28","n/a","n/a","Capital Goods","Electrical Products","https://www.nasdaq.com/symbol/avx",
"AAXN","Axon Enterprise, Inc.","55.9","3260070950.5","n/a","n/a","Capital Goods","Ordnance And Accessories","https://www.nasdaq.com/symbol/aaxn",
"BW","Babcock","0.975","164458219.575","n/a","2015","Capital Goods","Building Products","https://www.nasdaq.com/symbol/bw",
"BMI","Badger Meter, Inc.","48","1397423136","n/a","n/a","Capital Goods","Industrial Machinery/Components","https://www.nasdaq.com/symbol/bmi",
"B","Barnes Group, Inc.","56.31","2882692470.6","n/a","n/a","Capital Goods","Metal Fabrications","https://www.nasdaq.com/symbol/b",
"BZH","Beazer Homes USA, Inc.","8.27","278484988.94","n/a","1994","Capital Goods","Homebuilding","https://www.nasdaq.com/symbol/bzh",
"BELFA","Bel Fuse Inc.","18.85","226435888.9","n/a","n/a","Capital Goods","Electrical Products","https://www.nasdaq.com/symbol/belfa",
"BELFB","Bel Fuse Inc.","22.32","268119312.48","n/a","n/a","Capital Goods","Electrical Products","https://www.nasdaq.com/symbol/belfb",
"BNGO","Bionano Genomics, Inc.","6.796","64503771.872","n/a","2018","Capital Goods","Biotechnology: Laboratory Analytical Instruments","https://www.nasdaq.com/symbol/bngo",
"BNGOW","Bionano Genomics, Inc.","2.5423","0","n/a","2018","Capital Goods","Biotechnology: Laboratory Analytical Instruments","https://www.nasdaq.com/symbol/bngow",
"BIO","Bio-Rad Laboratories, Inc.","265.92","7933736496","n/a","n/a","Capital Goods","Biotechnology: Laboratory Analytical Instruments","https://www.nasdaq.com/symbol/bio",
"BLBD","Blue Bird Corporation","17.81","482848815.67","n/a","2014","Capital Goods","Construction/Ag Equipment/Trucks","https://www.nasdaq.com/symbol/blbd",
"BXC","BlueLinx Holdings Inc.","21.56","200263789.88","n/a","2004","Capital Goods","Wholesale Distributors","https://www.nasdaq.com/symbol/bxc",
"BA","Boeing Company (The)","335.59","190576650982.71","n/a","n/a","Capital Goods","Aerospace","https://www.nasdaq.com/symbol/ba",
"BNSO","Bonso Electronics International, Inc.","2.66","12534718","n/a","n/a","Capital Goods","Industrial Machinery/Components","https://www.nasdaq.com/symbol/bnso",
"BWA","BorgWarner Inc.","39.56","8239268644.96","n/a","n/a","Capital Goods","Auto Parts:O.E.M.","https://www.nasdaq.com/symbol/bwa",
"BWEN","Broadwind Energy, Inc.","1.81","28001981.48","n/a","n/a","Capital Goods","Metal Fabrications","https://www.nasdaq.com/symbol/bwen",
"DOOO","BRP Inc.","38.32","1648397798.08","n/a","n/a","Capital Goods","Industrial Specialties","https://www.nasdaq.com/symbol/dooo",
"BRKR","Bruker Corporation","30.51","4769346997.8","n/a","n/a","Capital Goods","Biotechnology: Laboratory Analytical Instruments","https://www.nasdaq.com/symbol/brkr",
"CSTE","Caesarstone Ltd.","15.66","537900015.6","n/a","2012","Capital Goods","Building Materials","https://www.nasdaq.com/symbol/cste",
"CAMT","Camtek Ltd.","7.48","270747478.76","n/a","2000","Capital Goods","Electronic Components","https://www.nasdaq.com/symbol/camt",
"CRR","Carbo Ceramics, Inc.","4.83","133906533.6","n/a","n/a","Capital Goods","Industrial Machinery/Components","https://www.nasdaq.com/symbol/crr",
"CAT","Caterpillar, Inc.","113.98","67741207724.24","n/a","n/a","Capital Goods","Construction/Ag Equipment/Trucks","https://www.nasdaq.com/symbol/cat",
"CDTI","CDTI Advanced Materials, Inc.","1.31","1066495.89","n/a","n/a","Capital Goods","Pollution Control Equipment","https://www.nasdaq.com/symbol/cdti",
"CECE","CECO Environmental Corp.","7.21","251709975.51","n/a","n/a","Capital Goods","Pollution Control Equipment","https://www.nasdaq.com/symbol/cece",
"CPAC","Cementos Pacasmayo S.A.A.","9.85","843370484.65","n/a","n/a","Capital Goods","Building Materials","https://www.nasdaq.com/symbol/cpac",
"CX","Cemex S.A.B. de C.V.","4.89","7387437890.55","n/a","n/a","Capital Goods","Building Materials","https://www.nasdaq.com/symbol/cx",
"CETX","Cemtrex Inc.","1.25","16117361.25","n/a","n/a","Capital Goods","Industrial Machinery/Components","https://www.nasdaq.com/symbol/cetx",
"CETXP","Cemtrex Inc.","3.401","0","n/a","n/a","Capital Goods","Industrial Machinery/Components","https://www.nasdaq.com/symbol/cetxp",
"CETXW","Cemtrex Inc.","0.0401","0","n/a","n/a","Capital Goods","Industrial Machinery/Components","https://www.nasdaq.com/symbol/cetxw",
"CCS","Century Communities, Inc.","20.64","621661505.76","n/a","2014","Capital Goods","Homebuilding","https://www.nasdaq.com/symbol/ccs",
"KOOL","Cesca Therapeutics Inc.","0.32","6607727.04","n/a","n/a","Capital Goods","Medical Specialities","https://www.nasdaq.com/symbol/kool",
"GTLS","Chart Industries, Inc.","64.89","2024831518.29","n/a","2006","Capital Goods","Metal Fabrications","https://www.nasdaq.com/symbol/gtls",
"CAAS","China Automotive Systems, Inc.","2.53","81815904.06","n/a","n/a","Capital Goods","Auto Parts:O.E.M.","https://www.nasdaq.com/symbol/caas",
"CCCL","China Ceramics Co., Ltd.","2.43","11296761.39","n/a","n/a","Capital Goods","Building Materials","https://www.nasdaq.com/symbol/cccl",
"CXDC","China XD Plastics Company Limited","2.5","125719327.5","n/a","n/a","Capital Goods","Containers/Packaging","https://www.nasdaq.com/symbol/cxdc",
"CIR","CIRCOR International, Inc.","31.41","623067668.82","n/a","n/a","Capital Goods","Metal Fabrications","https://www.nasdaq.com/symbol/cir",
"CLIR","ClearSign Combustion Corporation","1.42","37816661.84","n/a","2012","Capital Goods","Industrial Machinery/Components","https://www.nasdaq.com/symbol/clir",
"CLIRW","ClearSign Combustion Corporation","0.14","0","n/a","n/a","Capital Goods","Industrial Machinery/Components","https://www.nasdaq.com/symbol/clirw",
"CNHI","CNH Industrial N.V.","10.2","13826358253.8","n/a","2013","Capital Goods","Construction/Ag Equipment/Trucks","https://www.nasdaq.com/symbol/cnhi",
"CODA","Coda Octopus Group, Inc.","5.99","62388341.84","n/a","n/a","Capital Goods","Industrial Machinery/Components","https://www.nasdaq.com/symbol/coda",
"CGNX","Cognex Corporation","39.61","6814189262.84","n/a","1989","Capital Goods","Industrial Machinery/Components","https://www.nasdaq.com/symbol/cgnx",
"COHR","Coherent, Inc.","120.14","2919318262.42","n/a","n/a","Capital Goods","Biotechnology: Laboratory Analytical Instruments","https://www.nasdaq.com/symbol/cohr",
"COHU","Cohu, Inc.","19.29","784895921.85","n/a","n/a","Capital Goods","Electrical Products","https://www.nasdaq.com/symbol/cohu",
"CFX","Colfax Corporation","28.04","3286272549.96","n/a","2008","Capital Goods","Fluid Controls","https://www.nasdaq.com/symbol/cfx",
"CMCO","Columbus McKinnon Corporation","30.24","704592000","n/a","1996","Capital Goods","Construction/Ag Equipment/Trucks","https://www.nasdaq.com/symbol/cmco",
"FIX","Comfort Systems USA, Inc.","51.93","1929190256.46","n/a","1997","Capital Goods","Engineering & Construction","https://www.nasdaq.com/symbol/fix",
"CVGI","Commercial Vehicle Group, Inc.","6.46","200610920.12","n/a","2004","Capital Goods","Auto Parts:O.E.M.","https://www.nasdaq.com/symbol/cvgi",
"CIX","CompX International Inc.","13.16","163651930.12","n/a","1998","Capital Goods","Industrial Machinery/Components","https://www.nasdaq.com/symbol/cix",
"CHCI","Comstock Holding Companies, Inc.","1.98","7743667.14","n/a","2004","Capital Goods","Homebuilding","https://www.nasdaq.com/symbol/chci",
"CBPX","Continental Building Products, Inc.","26.22","969294929.4","n/a","2014","Capital Goods","Building Materials","https://www.nasdaq.com/symbol/cbpx",
"CUO","Continental Materials Corporation","15.7","26656323.5","n/a","n/a","Capital Goods","Building Materials","https://www.nasdaq.com/symbol/cuo",
"CTRL","Control4 Corporation","25.96","677442684.6","n/a","2013","Capital Goods","Electrical Products","https://www.nasdaq.com/symbol/ctrl",
"CPS","Cooper-Standard Holdings Inc.","90.13","1606055581.99","n/a","n/a","Capital Goods","Auto Parts:O.E.M.","https://www.nasdaq.com/symbol/cps",
"CVU","CPI Aerostructures, Inc.","6.61","77520612.58","n/a","n/a","Capital Goods","Military/Government/Technical","https://www.nasdaq.com/symbol/cvu",
"CPSH","CPS Technologies Corp.","1.25","16504295","n/a","n/a","Capital Goods","Building Materials","https://www.nasdaq.com/symbol/cpsh",
"CR","Crane Co.","84.93","5061679372.5","n/a","n/a","Capital Goods","Metal Fabrications","https://www.nasdaq.com/symbol/cr",
"CRH","CRH PLC","27.69","22699213656.6","n/a","n/a","Capital Goods","Building Materials","https://www.nasdaq.com/symbol/crh",
"CUB","Cubic Corporation","63.83","1739521394.13","n/a","n/a","Capital Goods","Industrial Machinery/Components","https://www.nasdaq.com/symbol/cub",
"CYBE","CyberOptics Corporation","19.83","139634709.87","n/a","1987","Capital Goods","Electronic Components","https://www.nasdaq.com/symbol/cybe",
"DHI","D.R. Horton, Inc.","35.04","13212480520.32","n/a","n/a","Capital Goods","Homebuilding","https://www.nasdaq.com/symbol/dhi",
"DAN","Dana Incorporated","14.43","2085780901.23","n/a","n/a","Capital Goods","Auto Parts:O.E.M.","https://www.nasdaq.com/symbol/dan",
"DHR","Danaher Corporation","96.85","67882426785.55","n/a","n/a","Capital Goods","Industrial Machinery/Components","https://www.nasdaq.com/symbol/dhr",
"DAIO","Data I/O Corporation","4.81","40583610.21","n/a","1981","Capital Goods","Electrical Products","https://www.nasdaq.com/symbol/daio",
"DE","Deere & Company","130.56","41997695162.88","n/a","n/a","Capital Goods","Industrial Machinery/Components","https://www.nasdaq.com/symbol/de",
"DLPH","Delphi Technologies PLC","22.44","1992350165.52","n/a","2017","Capital Goods","Auto Parts:O.E.M.","https://www.nasdaq.com/symbol/dlph",
"BOOM","DMC Global Inc.","37.92","564952750.56","n/a","n/a","Capital Goods","Industrial Specialties","https://www.nasdaq.com/symbol/boom",
"DCI","Donaldson Company, Inc.","50.59","6484628071.83","n/a","n/a","Capital Goods","Pollution Control Equipment","https://www.nasdaq.com/symbol/dci",
"DORM","Dorman Products, Inc.","74.82","2482965820.74","n/a","n/a","Capital Goods","Auto Parts:O.E.M.","https://www.nasdaq.com/symbol/dorm",
"PLOW","Douglas Dynamics, Inc.","42.52","965246137.32","n/a","2010","Capital Goods","Construction/Ag Equipment/Trucks","https://www.nasdaq.com/symbol/plow",
"DPW","DPW Holdings, Inc.","0.2555","17972249.673","n/a","n/a","Capital Goods","Industrial Machinery/Components","https://www.nasdaq.com/symbol/dpw",
"DCO","Ducommun Incorporated","34.84","397229131","n/a","n/a","Capital Goods","Military/Government/Technical","https://www.nasdaq.com/symbol/dco",
"DXPE","DXP Enterprises, Inc.","30.74","534481790.24","n/a","n/a","Capital Goods","Industrial Machinery/Components","https://www.nasdaq.com/symbol/dxpe",
"DYSL","Dynasil Corporation of America","1.15","19915252.65","n/a","n/a","Capital Goods","Industrial Machinery/Components","https://www.nasdaq.com/symbol/dysl",
"EXP","Eagle Materials Inc","65.79","3143860742.79","n/a","n/a","Capital Goods","Building Materials","https://www.nasdaq.com/symbol/exp",
"EML","Eastern Company (The)","27.84","174470802.24","n/a","n/a","Capital Goods","Industrial Machinery/Components","https://www.nasdaq.com/symbol/eml",
"EKSO","Ekso Bionics Holdings, Inc.","2.07","125922956.22","n/a","n/a","Capital Goods","Industrial Machinery/Components","https://www.nasdaq.com/symbol/ekso",
"ESLT","Elbit Systems Ltd.","117.59","5027346671.38","n/a","n/a","Capital Goods","Military/Government/Technical","https://www.nasdaq.com/symbol/eslt",
"SOLO","Electrameccanica Vehicles Corp. Ltd.","4.55","125619703.3","n/a","n/a","Capital Goods","Auto Manufacturing","https://www.nasdaq.com/symbol/solo",
"SOLOW","Electrameccanica Vehicles Corp. Ltd.","0.8","0","n/a","n/a","Capital Goods","Auto Manufacturing","https://www.nasdaq.com/symbol/solow",
"ELSE","Electro-Sensors, Inc.","3.45","11714547.45","n/a","n/a","Capital Goods","Industrial Machinery/Components","https://www.nasdaq.com/symbol/else",
"ERJ","Embraer S.A.","20.93","3838181346.09","n/a","2000","Capital Goods","Aerospace","https://www.nasdaq.com/symbol/erj",
"EME","EMCOR Group, Inc.","68.71","3954957150.69","n/a","n/a","Capital Goods","Engineering & Construction","https://www.nasdaq.com/symbol/eme",
"WIRE","Encore Wire Corporation","42.08","877332147.84","n/a","1992","Capital Goods","Metal Fabrications","https://www.nasdaq.com/symbol/wire",
"ESP","Espey Mfg. & Electronics Corp.","27.87","66434360.01","n/a","n/a","Capital Goods","Industrial Machinery/Components","https://www.nasdaq.com/symbol/esp",
"ESL","Esterline Technologies Corporation","117.16","3450729882.4","n/a","n/a","Capital Goods","Industrial Machinery/Components","https://www.nasdaq.com/symbol/esl",
"EXFO","EXFO Inc","2.78","65257700.54","n/a","n/a","Capital Goods","Electrical Products","https://www.nasdaq.com/symbol/exfo",
"EYPT","EyePoint Pharmaceuticals, Inc.","2","149024096","n/a","n/a","Capital Goods","Biotechnology: Laboratory Analytical Instruments","https://www.nasdaq.com/symbol/eypt",
"FARO","FARO Technologies, Inc.","48.86","829582115.88","n/a","1997","Capital Goods","Industrial Machinery/Components","https://www.nasdaq.com/symbol/faro",
"FSS","Federal Signal Corporation","21.75","1309343823","n/a","n/a","Capital Goods","Auto Manufacturing","https://www.nasdaq.com/symbol/fss",
"RACE","Ferrari N.V.","115.02","28195883409.24","n/a","2015","Capital Goods","Auto Manufacturing","https://www.nasdaq.com/symbol/race",
"GSM","Ferroglobe PLC","5.99","1030140618.69","n/a","n/a","Capital Goods","Metal Fabrications","https://www.nasdaq.com/symbol/gsm",
"FCAU","Fiat Chrysler Automobiles N.V.","16.01","31372544873.3","n/a","2014","Capital Goods","Auto Manufacturing","https://www.nasdaq.com/symbol/fcau",
"FLIR","FLIR Systems, Inc.","53.24","7348162066.52","n/a","1993","Capital Goods","Industrial Machinery/Components","https://www.nasdaq.com/symbol/flir",
"FLS","Flowserve Corporation","44.45","5816398070","n/a","n/a","Capital Goods","Fluid Controls","https://www.nasdaq.com/symbol/fls",
"FLDM","Fluidigm Corporation","7.33","287068689.56","n/a","2011","Capital Goods","Biotechnology: Laboratory Analytical Instruments","https://www.nasdaq.com/symbol/fldm",
"F","Ford Motor Company","9.28","36914943412.8","n/a","n/a","Capital Goods","Auto Manufacturing","https://www.nasdaq.com/symbol/f",
"FRTA","Forterra, Inc.","4.53","290890022.49","n/a","2016","Capital Goods","Building Materials","https://www.nasdaq.com/symbol/frta",
"FTV","Fortive Corporation","72.2","24112122318.6","n/a","2016","Capital Goods","Industrial Machinery/Components","https://www.nasdaq.com/symbol/ftv",
"RAIL","Freightcar America, Inc.","15.2","189445929.6","n/a","2005","Capital Goods","Railroads","https://www.nasdaq.com/symbol/rail",
"FEIM","Frequency Electronics, Inc.","10.77","94018675.14","n/a","n/a","Capital Goods","Electrical Products","https://www.nasdaq.com/symbol/feim",
"FRD","Friedman Industries Inc.","8.41","58949424.04","n/a","n/a","Capital Goods","Steel/Iron Ore","https://www.nasdaq.com/symbol/frd",
"FTEK","Fuel Tech, Inc.","1.2492","30193894.782","n/a","n/a","Capital Goods","Pollution Control Equipment","https://www.nasdaq.com/symbol/ftek",
"FFHL","Fuwei Films (Holdings) Co., Ltd.","1.87","6107115.19","n/a","2006","Capital Goods","Specialty Chemicals","https://www.nasdaq.com/symbol/ffhl",
"GRMN","Garmin Ltd.","61.77","11662016509.86","n/a","2000","Capital Goods","Industrial Machinery/Components","https://www.nasdaq.com/symbol/grmn",
"GTX","Garrett Motion Inc.","14.8","1801234710.4","n/a","2018","Capital Goods","Auto Parts:O.E.M.","https://www.nasdaq.com/symbol/gtx",
"GENC","Gencor Industries Inc.","10.89","157836327.66","n/a","n/a","Capital Goods","Construction/Ag Equipment/Trucks","https://www.nasdaq.com/symbol/genc",
"GD","General Dynamics Corporation","167.04","49468855075.2","n/a","n/a","Capital Goods","Marine Transportation","https://www.nasdaq.com/symbol/gd",
"GM","General Motors Company","33.13","46742729909.08","n/a","2010","Capital Goods","Auto Manufacturing","https://www.nasdaq.com/symbol/gm",
"GNTX","Gentex Corporation","20.7","5566560102.9","n/a","n/a","Capital Goods","Auto Parts:O.E.M.","https://www.nasdaq.com/symbol/gntx",
"THRM","Gentherm Inc","43.33","1548996760.57","n/a","n/a","Capital Goods","Auto Parts:O.E.M.","https://www.nasdaq.com/symbol/thrm",
"GPC","Genuine Parts Company","99.75","14639237481.75","n/a","n/a","Capital Goods","Automotive Aftermarket","https://www.nasdaq.com/symbol/gpc",
"GEOS","Geospace Technologies Corporation","11.41","155142237.81","n/a","n/a","Capital Goods","Industrial Machinery/Components","https://www.nasdaq.com/symbol/geos",
"GGB","Gerdau S.A.","4.16","7079880899.52","n/a","n/a","Capital Goods","Steel/Iron Ore","https://www.nasdaq.com/symbol/ggb",
"ROCK","Gibraltar Industries, Inc.","35.3","1129546238.1","n/a","1993","Capital Goods","Steel/Iron Ore","https://www.nasdaq.com/symbol/rock",
"BRSS","Global Brass and Copper Holdings, Inc.","31.62","701137990.74","n/a","2013","Capital Goods","Metal Fabrications","https://www.nasdaq.com/symbol/brss",
"GRC","Gorman-Rupp Company (The)","33.64","878577393.8","n/a","n/a","Capital Goods","Fluid Controls","https://www.nasdaq.com/symbol/grc",
"GGG","Graco Inc.","39.61","6592569570","n/a","n/a","Capital Goods","Fluid Controls","https://www.nasdaq.com/symbol/ggg",
"GRBK","Green Brick Partners, Inc.","9.24","468651728.16","n/a","n/a","Capital Goods","Homebuilding","https://www.nasdaq.com/symbol/grbk",
"GBX","Greenbrier Companies, Inc. (The)","47.34","1523899122.12","n/a","1994","Capital Goods","Railroads","https://www.nasdaq.com/symbol/gbx",
"GFF","Griffon Corporation","13","592999901","n/a","n/a","Capital Goods","Building Products","https://www.nasdaq.com/symbol/gff",
"GIFI","Gulf Island Fabrication, Inc.","8.81","132529429.08","n/a","1997","Capital Goods","Metal Fabrications","https://www.nasdaq.com/symbol/gifi",
"HRS","Harris Corporation","146.69","17237036406.26","n/a","n/a","Capital Goods","Industrial Machinery/Components","https://www.nasdaq.com/symbol/hrs",
"HSC","Harsco Corporation","23.46","1896648731.82","n/a","n/a","Capital Goods","Metal Fabrications","https://www.nasdaq.com/symbol/hsc",
"HBIO","Harvard Bioscience, Inc.","3.99","145952596.02","n/a","2000","Capital Goods","Biotechnology: Laboratory Analytical Instruments","https://www.nasdaq.com/symbol/hbio",
"HAYN","Haynes International, Inc.","29.04","363265803.12","n/a","2007","Capital Goods","Steel/Iron Ore","https://www.nasdaq.com/symbol/hayn",
"HCHC","HC2 Holdings, Inc.","5.32","237845341.72","n/a","n/a","Capital Goods","Metal Fabrications","https://www.nasdaq.com/symbol/hchc",
"HEBT","Hebron Technology Co., Ltd.","1.3108","21326161.5316","n/a","2016","Capital Goods","Metal Fabrications","https://www.nasdaq.com/symbol/hebt",
"HEI","Heico Corporation","80.61","10712421862.92","n/a","n/a","Capital Goods","Aerospace","https://www.nasdaq.com/symbol/hei",
"HIHO","Highway Holdings Limited","3.94","14979383.56","n/a","n/a","Capital Goods","Metal Fabrications","https://www.nasdaq.com/symbol/hiho",
"HMC","Honda Motor Company, Ltd.","26.7","46999382950.5","n/a","n/a","Capital Goods","Auto Manufacturing","https://www.nasdaq.com/symbol/hmc",
"HON","Honeywell International Inc.","141.06","104425068021.18","n/a","n/a","Capital Goods","Auto Parts:O.E.M.","https://www.nasdaq.com/symbol/hon",
"HZN","Horizon Global Corporation","6.18","155091778.26","n/a","2015","Capital Goods","Auto Parts:O.E.M.","https://www.nasdaq.com/symbol/hzn",
"HOV","Hovnanian Enterprises Inc","1.44","213675582.24","n/a","n/a","Capital Goods","Homebuilding","https://www.nasdaq.com/symbol/hov",
"HOVNP","Hovnanian Enterprises Inc","4.11","20550000","n/a","n/a","Capital Goods","Homebuilding","https://www.nasdaq.com/symbol/hovnp",
"HTGM","HTG Molecular Diagnostics, Inc.","3.66","104023462.26","n/a","2015","Capital Goods","Biotechnology: Laboratory Analytical Instruments","https://www.nasdaq.com/symbol/htgm",
"HUBB","Hubbell Inc","98.44","5385331288.72","n/a","2015","Capital Goods","Electrical Products","https://www.nasdaq.com/symbol/hubb",
"HII","Huntington Ingalls Industries, Inc.","208.59","9035781301.38","n/a","n/a","Capital Goods","Marine Transportation","https://www.nasdaq.com/symbol/hii",
"HURC","Hurco Companies, Inc.","39.59","265921991.82","n/a","n/a","Capital Goods","Industrial Machinery/Components","https://www.nasdaq.com/symbol/hurc",
"HY","Hyster-Yale Materials Handling, Inc.","60.48","1001286800.64","n/a","n/a","Capital Goods","Construction/Ag Equipment/Trucks","https://www.nasdaq.com/symbol/hy",
"IEP","Icahn Enterprises L.P.","68","12388969912","n/a","n/a","Capital Goods","Auto Parts:O.E.M.","https://www.nasdaq.com/symbol/iep",
"IEX","IDEX Corporation","125.01","9589481722.17","n/a","1989","Capital Goods","Fluid Controls","https://www.nasdaq.com/symbol/iex",
"IESC","IES Holdings, Inc.","17.76","376610319.36","n/a","n/a","Capital Goods","Engineering & Construction","https://www.nasdaq.com/symbol/iesc",
"IIVI","II-VI Incorporated","36.17","2305460572.43","n/a","1987","Capital Goods","Electronic Components","https://www.nasdaq.com/symbol/iivi",
"ILMN","Illumina, Inc.","292.25","42960750000","n/a","2000","Capital Goods","Biotechnology: Laboratory Analytical Instruments","https://www.nasdaq.com/symbol/ilmn",
"ISNS","Image Sensing Systems, Inc.","5.51","29036647.59","n/a","1995","Capital Goods","Industrial Machinery/Components","https://www.nasdaq.com/symbol/isns",
"PI","Impinj, Inc.","18.47","450900943.64","n/a","2016","Capital Goods","Industrial Machinery/Components","https://www.nasdaq.com/symbol/pi",
"IR","Ingersoll-Rand plc (Ireland)","93.33","22927101265.71","n/a","n/a","Capital Goods","Auto Parts:O.E.M.","https://www.nasdaq.com/symbol/ir",
"IIIN","Insteel Industries, Inc.","26.5","505764107","n/a","n/a","Capital Goods","Steel/Iron Ore","https://www.nasdaq.com/symbol/iiin",
"INTT","inTest Corporation","6.97","73115007.26","n/a","1997","Capital Goods","Electrical Products","https://www.nasdaq.com/symbol/intt",
"IIN","IntriCon Corporation","40.84","343651447.2","n/a","n/a","Capital Goods","Electrical Products","https://www.nasdaq.com/symbol/iin",
"ITRI","Itron, Inc.","50.57","1987370354.58","n/a","1993","Capital Goods","Electrical Products","https://www.nasdaq.com/symbol/itri",
"ITT","ITT Inc.","49.47","4333572000","n/a","2011","Capital Goods","Fluid Controls","https://www.nasdaq.com/symbol/itt",
"JHX","James Hardie Industries plc.","13.31","5876686010.58","n/a","n/a","Capital Goods","Building Materials","https://www.nasdaq.com/symbol/jhx",
"KALU","Kaiser Aluminum Corporation","92.95","1533838406.1","n/a","n/a","Capital Goods","Metal Fabrications","https://www.nasdaq.com/symbol/kalu",
"KNDI","Kandi Technologies Group, Inc.","4.66","239859259.04","n/a","n/a","Capital Goods","Auto Manufacturing","https://www.nasdaq.com/symbol/kndi",
"KZIA","Kazia Therapeutics Limited","2.66","4636310.84","1742974","n/a","Capital Goods","Miscellaneous","https://www.nasdaq.com/symbol/kzia",
"KBH","KB Home","19.39","1713841923.92","n/a","1986","Capital Goods","Homebuilding","https://www.nasdaq.com/symbol/kbh",
"KIQ","Kelso Technologies Inc","0.4079","19240678.0794","n/a","n/a","Capital Goods","Railroads","https://www.nasdaq.com/symbol/kiq",
"KEM","Kemet Corporation","17.75","1018201060","n/a","n/a","Capital Goods","Electrical Products","https://www.nasdaq.com/symbol/kem",
"KMT","Kennametal Inc.","34.31","2814223437.27","n/a","n/a","Capital Goods","Industrial Machinery/Components","https://www.nasdaq.com/symbol/kmt",
"KEQU","Kewaunee Scientific Corporation","27.922","76539200.038","n/a","n/a","Capital Goods","Medical Specialities","https://www.nasdaq.com/symbol/kequ",
"KEYS","Keysight Technologies Inc.","56.51","10591559331.54","n/a","2014","Capital Goods","Industrial Machinery/Components","https://www.nasdaq.com/symbol/keys",
"KLAC","KLA-Tencor Corporation","85.13","13181104656.69","n/a","1980","Capital Goods","Electronic Components","https://www.nasdaq.com/symbol/klac",
"KRNT","Kornit Digital Ltd.","17.64","606557221.2","n/a","2015","Capital Goods","Industrial Machinery/Components","https://www.nasdaq.com/symbol/krnt",
"KTOS","Kratos Defense & Security Solutions, Inc.","12.11","1256264273.6","n/a","n/a","Capital Goods","Military/Government/Technical","https://www.nasdaq.com/symbol/ktos",
"SCX","L.S. Starrett Company (The)","5.6","39329169.6","n/a","n/a","Capital Goods","Industrial Machinery/Components","https://www.nasdaq.com/symbol/scx",
"LCII","LCI Industries ","67.79","1709369659.19","n/a","n/a","Capital Goods","Auto Parts:O.E.M.","https://www.nasdaq.com/symbol/lcii",
"LEA","Lear Corporation","131.87","8462607973.16","n/a","n/a","Capital Goods","Auto Parts:O.E.M.","https://www.nasdaq.com/symbol/lea",
"LII","Lennox International, Inc.","199.85","8050614507.25","n/a","1999","Capital Goods","Industrial Machinery/Components","https://www.nasdaq.com/symbol/lii",
"LPL","LG Display Co., Ltd.","6.83","4887762462","n/a","2004","Capital Goods","Industrial Machinery/Components","https://www.nasdaq.com/symbol/lpl",
"LGIH","LGI Homes, Inc.","40.23","910525227.93","n/a","2013","Capital Goods","Homebuilding","https://www.nasdaq.com/symbol/lgih",
"LGL","LGL Group, Inc. (The)","6.2599","30185150.1614","n/a","n/a","Capital Goods","Industrial Machinery/Components","https://www.nasdaq.com/symbol/lgl",
"LBY","Libbey, Inc.","7.42","164297164.5","n/a","1993","Capital Goods","Industrial Machinery/Components","https://www.nasdaq.com/symbol/lby",
"LCUT","Lifetime Brands, Inc.","10.04","208239609.88","n/a","1991","Capital Goods","Industrial Machinery/Components","https://www.nasdaq.com/symbol/lcut",
"LNN","Lindsay Corporation","93.08","1001291159.44","n/a","n/a","Capital Goods","Industrial Machinery/Components","https://www.nasdaq.com/symbol/lnn",
"LMT","Lockheed Martin Corporation","286.67","81536311978.96","n/a","n/a","Capital Goods","Military/Government/Technical","https://www.nasdaq.com/symbol/lmt",
"LOMA","Loma Negra Compania Industrial Argentina Sociedad Anonima","8.21","978675496.58","n/a","2017","Capital Goods","Building Materials","https://www.nasdaq.com/symbol/loma",
"LDL","Lydall, Inc.","29.88","519306810.48","n/a","n/a","Capital Goods","Auto Parts:O.E.M.","https://www.nasdaq.com/symbol/ldl",
"WLH","Lyon William Homes","13.05","495598584.15","n/a","2013","Capital Goods","Homebuilding","https://www.nasdaq.com/symbol/wlh",
"MDC","M.D.C. Holdings, Inc.","26.98","1522669396.64","n/a","n/a","Capital Goods","Homebuilding","https://www.nasdaq.com/symbol/mdc",
"MHO","M/I Homes, Inc.","23.01","657415327.53","n/a","1993","Capital Goods","Homebuilding","https://www.nasdaq.com/symbol/mho",
"MGA","Magna International, Inc.","48.2","16257588730.4","n/a","n/a","Capital Goods","Auto Parts:O.E.M.","https://www.nasdaq.com/symbol/mga",
"MBUU","Malibu Boats, Inc.","38.47","793472640.97","n/a","2014","Capital Goods","Marine Transportation","https://www.nasdaq.com/symbol/mbuu",
"MTW","Manitowoc Company, Inc. (The)","17.21","611581650.52","n/a","n/a","Capital Goods","Construction/Ag Equipment/Trucks","https://www.nasdaq.com/symbol/mtw",
"MPX","Marine Products Corporation","20.41","705125618.86","n/a","n/a","Capital Goods","Marine Transportation","https://www.nasdaq.com/symbol/mpx",
"MTRN","Materion Corporation","56.24","1138538588.4","n/a","n/a","Capital Goods","Industrial Specialties","https://www.nasdaq.com/symbol/mtrn",
"MATW","Matthews International Corporation","41.49","1331722038.78","n/a","1994","Capital Goods","Metal Fabrications","https://www.nasdaq.com/symbol/matw",
"MCFT","MCBC Holdings, Inc.","29.4","550552044","n/a","2015","Capital Goods","Marine Transportation","https://www.nasdaq.com/symbol/mcft",
"MDR","McDermott International, Inc.","13.15","2374058499.2","n/a","n/a","Capital Goods","Metal Fabrications","https://www.nasdaq.com/symbol/mdr",
"MRCY","Mercury Systems Inc","43.54","2107877855.3","n/a","1998","Capital Goods","Electrical Products","https://www.nasdaq.com/symbol/mrcy",
"MTH","Meritage Corporation","35.08","1425982811.24","n/a","n/a","Capital Goods","Homebuilding","https://www.nasdaq.com/symbol/mth",
"MTOR","Meritor, Inc.","16.05","1388050753.65","n/a","n/a","Capital Goods","Auto Parts:O.E.M.","https://www.nasdaq.com/symbol/mtor",
"MLAB","Mesa Laboratories, Inc.","182.23","701726728.25","n/a","n/a","Capital Goods","Industrial Machinery/Components","https://www.nasdaq.com/symbol/mlab",
"MEI","Methode Electronics, Inc.","28.6","1057826827.2","n/a","n/a","Capital Goods","Electrical Products","https://www.nasdaq.com/symbol/mei",
"MTD","Mettler-Toledo International, Inc.","533.77","13458384971.56","n/a","1997","Capital Goods","Biotechnology: Laboratory Analytical Instruments","https://www.nasdaq.com/symbol/mtd",
"MVIS","Microvision, Inc.","1","93073343","n/a","1996","Capital Goods","Industrial Machinery/Components","https://www.nasdaq.com/symbol/mvis",
"MICT","MICT, Inc.","0.865","8080929.475","n/a","n/a","Capital Goods","Electrical Products","https://www.nasdaq.com/symbol/mict",
"MLR","Miller Industries, Inc.","24.31","276752235.76","n/a","n/a","Capital Goods","Construction/Ag Equipment/Trucks","https://www.nasdaq.com/symbol/mlr",
"MSON","MISONIX, Inc.","16.35","154378253.25","n/a","1992","Capital Goods","Medical Specialities","https://www.nasdaq.com/symbol/mson",
"MKSI","MKS Instruments, Inc.","69.28","3795939462.72","n/a","1999","Capital Goods","Industrial Machinery/Components","https://www.nasdaq.com/symbol/mksi",
"MINI","Mobile Mini, Inc.","39.57","1768480088.22","n/a","1994","Capital Goods","Metal Fabrications","https://www.nasdaq.com/symbol/mini",
"MOD","Modine Manufacturing Company","11.7","593083237.5","n/a","n/a","Capital Goods","Auto Parts:O.E.M.","https://www.nasdaq.com/symbol/mod",
"MPAA","Motorcar Parts of America, Inc.","20.51","387969375.08","n/a","n/a","Capital Goods","Auto Parts:O.E.M.","https://www.nasdaq.com/symbol/mpaa",
"MRC","MRC Global Inc.","14.98","1352922055.52","n/a","2012","Capital Goods","Industrial Machinery/Components","https://www.nasdaq.com/symbol/mrc",
"MSM","MSC Industrial Direct Company, Inc.","76.53","4327707444.39","n/a","1995","Capital Goods","Industrial Machinery/Components","https://www.nasdaq.com/symbol/msm",
"MTSC","MTS Systems Corporation","47.95","856389493.4","n/a","n/a","Capital Goods","Industrial Machinery/Components","https://www.nasdaq.com/symbol/mtsc",
"MLI","Mueller Industries, Inc.","24.64","1420987666.56","n/a","n/a","Capital Goods","Metal Fabrications","https://www.nasdaq.com/symbol/mli",
"MWA","Mueller Water Products Inc","10.27","1624399625.03","n/a","2006","Capital Goods","Metal Fabrications","https://www.nasdaq.com/symbol/mwa",
"NANO","Nanometrics Incorporated","30.71","741234433.22","n/a","1984","Capital Goods","Industrial Machinery/Components","https://www.nasdaq.com/symbol/nano",
"NPK","National Presto Industries, Inc.","122.76","856674030.96","n/a","n/a","Capital Goods","Ordnance And Accessories","https://www.nasdaq.com/symbol/npk",
"SID","National Steel Company","2.35","3243269185.45","n/a","n/a","Capital Goods","Steel/Iron Ore","https://www.nasdaq.com/symbol/sid",
"NAV","Navistar International Corporation","31.26","3090678231.9","n/a","n/a","Capital Goods","Auto Manufacturing","https://www.nasdaq.com/symbol/nav",
"NAV^D","Navistar International Corporation","25.7","0","n/a","n/a","Capital Goods","Auto Manufacturing","https://www.nasdaq.com/symbol/nav^d",
"NCS","NCI Building Systems, Inc.","12.18","806362783.38","n/a","n/a","Capital Goods","Metal Fabrications","https://www.nasdaq.com/symbol/ncs",
"NEON","Neonode Inc.","2.3","134768.5","n/a","n/a","Capital Goods","Industrial Machinery/Components","https://www.nasdaq.com/symbol/neon",
"NWHM","New Home Company Inc. (The)","6.76","140985059.28","n/a","2014","Capital Goods","Homebuilding","https://www.nasdaq.com/symbol/nwhm",
"NFEC","NF Energy Saving Corporation","6.26","47408789.14","n/a","n/a","Capital Goods","Metal Fabrications","https://www.nasdaq.com/symbol/nfec",
"NIO","NIO Inc.","6.19","0","n/a","2018","Capital Goods","Auto Manufacturing","https://www.nasdaq.com/symbol/nio",
"NIU","Niu Technologies","7.23","60009000","8300000","2018","Capital Goods","Auto Manufacturing","https://www.nasdaq.com/symbol/niu",
"NNBR","NN, Inc.","11.72","324988275","n/a","1994","Capital Goods","Metal Fabrications","https://www.nasdaq.com/symbol/nnbr",
"NDSN","Nordson Corporation","115.51","6716753564.76","n/a","n/a","Capital Goods","Industrial Machinery/Components","https://www.nasdaq.com/symbol/ndsn",
"NSYS","Nortech Systems Incorporated","4.35","11675621.85","n/a","n/a","Capital Goods","Industrial Machinery/Components","https://www.nasdaq.com/symbol/nsys",
"NTIC","Northern Technologies International Corporation","30","136239120","n/a","n/a","Capital Goods","Industrial Specialties","https://www.nasdaq.com/symbol/ntic",
"NOC","Northrop Grumman Corporation","256.3","44498731673","n/a","n/a","Capital Goods","Industrial Machinery/Components","https://www.nasdaq.com/symbol/noc",
"NVMI","Nova Measuring Instruments Ltd.","21.08","588734150.2","n/a","2000","Capital Goods","Electronic Components","https://www.nasdaq.com/symbol/nvmi",
"NVR","NVR, Inc.","2174.5","7817477540.5","n/a","n/a","Capital Goods","Homebuilding","https://www.nasdaq.com/symbol/nvr",
"OFLX","Omega Flex, Inc.","58.82","593600970.04","n/a","n/a","Capital Goods","Industrial Specialties","https://www.nasdaq.com/symbol/oflx",
"ORBK","Orbotech Ltd.","52.38","2545668000","n/a","n/a","Capital Goods","Industrial Machinery/Components","https://www.nasdaq.com/symbol/orbk",
"OSK","Oshkosh Corporation","53.08","3880317325.2","n/a","n/a","Capital Goods","Auto Manufacturing","https://www.nasdaq.com/symbol/osk",
"OC","Owens Corning Inc","44.6","4875661251.4","n/a","n/a","Capital Goods","Industrial Machinery/Components","https://www.nasdaq.com/symbol/oc",
"PCAR","PACCAR Inc.","55.81","19522338000","n/a","n/a","Capital Goods","Auto Manufacturing","https://www.nasdaq.com/symbol/pcar",
"PACB","Pacific Biosciences of California, Inc.","4.08","538323176.4","n/a","2010","Capital Goods","Biotechnology: Laboratory Analytical Instruments","https://www.nasdaq.com/symbol/pacb",
"PH","Parker-Hannifin Corporation","145.22","19229457764.46","n/a","n/a","Capital Goods","Metal Fabrications","https://www.nasdaq.com/symbol/ph",
"PKOH","Park-Ohio Holdings Corp.","33.05","423943587","n/a","n/a","Capital Goods","Industrial Specialties","https://www.nasdaq.com/symbol/pkoh",
"PRCP","Perceptron, Inc.","8.35","79790654.45","n/a","1992","Capital Goods","Electronic Components","https://www.nasdaq.com/symbol/prcp",
"PKI","PerkinElmer, Inc.","83.82","9281724802.02","n/a","n/a","Capital Goods","Biotechnology: Laboratory Analytical Instruments","https://www.nasdaq.com/symbol/pki",
"PPIH","Perma-Pipe International Holdings, Inc.","8.9434","70440337.9858","n/a","n/a","Capital Goods","Pollution Control Equipment","https://www.nasdaq.com/symbol/ppih",
"PGTI","PGT Innovations, Inc.","19.43","1125286681.87","n/a","2006","Capital Goods","Building Products","https://www.nasdaq.com/symbol/pgti",
"PII","Polaris Industries Inc.","85.55","5285330501.1","n/a","n/a","Capital Goods","Industrial Specialties","https://www.nasdaq.com/symbol/pii",
"PRPO","Precipio, Inc.","0.2595","6008948.784","n/a","n/a","Capital Goods","Biotechnology: Laboratory Analytical Instruments","https://www.nasdaq.com/symbol/prpo",
"PRLB","Proto Labs, Inc.","115.66","3125947909.04","n/a","2012","Capital Goods","Metal Fabrications","https://www.nasdaq.com/symbol/prlb",
"PHM","PulteGroup, Inc.","23.42","6577772395.44","n/a","n/a","Capital Goods","Homebuilding","https://www.nasdaq.com/symbol/phm",
"NX","Quanex Building Products Corporation","14.84","493649795.24","n/a","n/a","Capital Goods","Metal Fabrications","https://www.nasdaq.com/symbol/nx",
"PWR","Quanta Services, Inc.","30.81","4584760677.12","n/a","n/a","Capital Goods","Engineering & Construction","https://www.nasdaq.com/symbol/pwr",
"QTRX","Quanterix Corporation","16.67","368401115.49","n/a","2017","Capital Goods","Biotechnology: Laboratory Analytical Instruments","https://www.nasdaq.com/symbol/qtrx",
"RAVN","Raven Industries, Inc.","42.88","1539496069.76","n/a","n/a","Capital Goods","Specialty Chemicals","https://www.nasdaq.com/symbol/ravn",
"RTN","Raytheon Company","168.35","47908537950","n/a","n/a","Capital Goods","Industrial Machinery/Components","https://www.nasdaq.com/symbol/rtn",
"ROLL","RBC Bearings Incorporated","141.87","3489472115.55","n/a","2005","Capital Goods","Metal Fabrications","https://www.nasdaq.com/symbol/roll",
"REZI","Resideo Technologies, Inc.","25.82","0","n/a","2018","Capital Goods","Wholesale Distributors","https://www.nasdaq.com/symbol/rezi",
"RETO","ReTo Eco-Solutions, Inc.","2.22","50527200","n/a","2017","Capital Goods","Industrial Machinery/Components","https://www.nasdaq.com/symbol/reto",
"REVG","REV Group, Inc.","10.42","658488200.9","n/a","2017","Capital Goods","Auto Manufacturing","https://www.nasdaq.com/symbol/revg",
"RFIL","RF Industries, Ltd.","6.79","63077069.79","n/a","n/a","Capital Goods","Electrical Products","https://www.nasdaq.com/symbol/rfil",
"ROK","Rockwell Automation, Inc.","158.72","19548725468.16","n/a","n/a","Capital Goods","Industrial Machinery/Components","https://www.nasdaq.com/symbol/rok",
"COL","Rockwell Collins, Inc.","126.41","20777473319.81","n/a","n/a","Capital Goods","Military/Government/Technical","https://www.nasdaq.com/symbol/col",
"ROP","Roper Technologies, Inc.","277.5","28678342672.5","n/a","1992","Capital Goods","Industrial Machinery/Components","https://www.nasdaq.com/symbol/rop",
"RTEC","Rudolph Technologies, Inc.","19.46","620788030.66","n/a","1999","Capital Goods","Industrial Machinery/Components","https://www.nasdaq.com/symbol/rtec",
"SMIT","Schmitt Industries, Inc.","2.74","10945053.3","n/a","n/a","Capital Goods","Industrial Machinery/Components","https://www.nasdaq.com/symbol/smit",
"ST","Sensata Technologies Holding plc","42.57","7223607687.78","n/a","2010","Capital Goods","Industrial Machinery/Components","https://www.nasdaq.com/symbol/st",
"SENS","Senseonics Holdings, Inc.","3.67","646018209.2","n/a","n/a","Capital Goods","Industrial Machinery/Components","https://www.nasdaq.com/symbol/sens",
"SVT","Servotronics, Inc.","9.7","25053480.1","n/a","n/a","Capital Goods","Industrial Machinery/Components","https://www.nasdaq.com/symbol/svt",
"SHLO","Shiloh Industries, Inc.","8.59","200993673.35","n/a","1993","Capital Goods","Industrial Specialties","https://www.nasdaq.com/symbol/shlo",
"SIF","SIFCO Industries, Inc.","4.83","27488322.12","n/a","n/a","Capital Goods","Aerospace","https://www.nasdaq.com/symbol/sif",
"SSD","Simpson Manufacturing Company, Inc.","55.12","2553425621.76","n/a","n/a","Capital Goods","Industrial Machinery/Components","https://www.nasdaq.com/symbol/ssd",
"SNA","Snap-On Incorporated","148.33","8332508948.4","n/a","n/a","Capital Goods","Industrial Machinery/Components","https://www.nasdaq.com/symbol/sna",
"SORL","SORL Auto Parts, Inc.","3.72","71814306.12","n/a","n/a","Capital Goods","Auto Parts:O.E.M.","https://www.nasdaq.com/symbol/sorl",
"SPAR","Spartan Motors, Inc.","11.02","387808610.88","n/a","n/a","Capital Goods","Auto Manufacturing","https://www.nasdaq.com/symbol/spar",
"SPR","Spirit Aerosystems Holdings, Inc.","79.81","8499721822.79","n/a","2006","Capital Goods","Military/Government/Technical","https://www.nasdaq.com/symbol/spr",
"SMP","Standard Motor Products, Inc.","54.3","1217846916","n/a","n/a","Capital Goods","Auto Parts:O.E.M.","https://www.nasdaq.com/symbol/smp",
"SWJ","Stanley Black & Decker, Inc.","24.91","0","n/a","n/a","Capital Goods","Industrial Machinery/Components","https://www.nasdaq.com/symbol/swj",
"SWK","Stanley Black & Decker, Inc.","108.45","16593913135.35","n/a","n/a","Capital Goods","Industrial Machinery/Components","https://www.nasdaq.com/symbol/swk",
"SWP","Stanley Black & Decker, Inc.","87.99","0","n/a","n/a","Capital Goods","Industrial Machinery/Components","https://www.nasdaq.com/symbol/swp",
"SPLP","Steel Partners Holdings LP","15.75","412260455.25","n/a","n/a","Capital Goods","Industrial Specialties","https://www.nasdaq.com/symbol/splp",
"SRI","Stoneridge, Inc.","24.99","711783822.54","n/a","1997","Capital Goods","Auto Parts:O.E.M.","https://www.nasdaq.com/symbol/sri",
"STRT","Strattec Security Corporation","32","119614880","n/a","n/a","Capital Goods","Auto Parts:O.E.M.","https://www.nasdaq.com/symbol/strt",
"RGR","Sturm, Ruger & Company, Inc.","60.74","1060400134.8","n/a","n/a","Capital Goods","Ordnance And Accessories","https://www.nasdaq.com/symbol/rgr",
"SNHY","Sun Hydraulics Corporation","44.42","1418664816.08","n/a","1997","Capital Goods","Metal Fabrications","https://www.nasdaq.com/symbol/snhy",
"RUN","Sunrun Inc.","11.5","1275458088.5","n/a","2015","Capital Goods","Industrial Specialties","https://www.nasdaq.com/symbol/run",
"SUP","Superior Industries International, Inc.","10.4","260200064.8","n/a","n/a","Capital Goods","Auto Parts:O.E.M.","https://www.nasdaq.com/symbol/sup",
"SYPR","Sypris Solutions, Inc.","1.1702","25040152.5764","n/a","n/a","Capital Goods","Industrial Machinery/Components","https://www.nasdaq.com/symbol/sypr",
"SYX","Systemax Inc.","25.82","960291733.78","n/a","n/a","Capital Goods","Industrial Machinery/Components","https://www.nasdaq.com/symbol/syx",
"TATT","TAT Technologies Ltd.","6.55","59752381.55","n/a","n/a","Capital Goods","Aerospace","https://www.nasdaq.com/symbol/tatt",
"TTM","Tata Motors Ltd","11.92","8095708938.96","n/a","n/a","Capital Goods","Auto Manufacturing","https://www.nasdaq.com/symbol/ttm",
"TAYD","Taylor Devices, Inc.","11.65","40323760.55","n/a","n/a","Capital Goods","Industrial Machinery/Components","https://www.nasdaq.com/symbol/tayd",
"TMHC","Taylor Morrison Home Corporation","15.37","1862932961.56","n/a","2013","Capital Goods","Homebuilding","https://www.nasdaq.com/symbol/tmhc",
"TGEN","Tecogen Inc.","3.6148","89718056.3608","n/a","2014","Capital Goods","Industrial Machinery/Components","https://www.nasdaq.com/symbol/tgen",
"TDY","Teledyne Technologies Incorporated","214.95","7719524284.2","n/a","n/a","Capital Goods","Industrial Machinery/Components","https://www.nasdaq.com/symbol/tdy",
"TNAV","Telenav, Inc.","4.26","192755308.5","n/a","2010","Capital Goods","Industrial Machinery/Components","https://www.nasdaq.com/symbol/tnav",
"TIK","Tel-Instrument Electronics Corp.","2.7001","8791220.4887","n/a","n/a","Capital Goods","Electrical Products","https://www.nasdaq.com/symbol/tik",
"TEN","Tenneco Inc.","33.59","2716267912.66","n/a","n/a","Capital Goods","Auto Parts:O.E.M.","https://www.nasdaq.com/symbol/ten",
"TER","Teradyne, Inc.","32.43","6046182069.9","n/a","n/a","Capital Goods","Electrical Products","https://www.nasdaq.com/symbol/ter",
"TEX","Terex Corporation","30.88","2275856000","n/a","n/a","Capital Goods","Construction/Ag Equipment/Trucks","https://www.nasdaq.com/symbol/tex",
"TSLA","Tesla, Inc. ","334.85","57123114268.4","n/a","2010","Capital Goods","Auto Manufacturing","https://www.nasdaq.com/symbol/tsla",
"TXT","Textron Inc.","52.31","12709315646.52","n/a","n/a","Capital Goods","Aerospace","https://www.nasdaq.com/symbol/txt",
"XONE","The ExOne Company","6.58","106609943.02","n/a","2013","Capital Goods","Industrial Machinery/Components","https://www.nasdaq.com/symbol/xone",
"TMO","Thermo Fisher Scientific Inc","228.35","91978523915.85","n/a","n/a","Capital Goods","Industrial Machinery/Components","https://www.nasdaq.com/symbol/tmo",
"TKR","Timken Company (The)","37.25","2872244913.5","n/a","n/a","Capital Goods","Metal Fabrications","https://www.nasdaq.com/symbol/tkr",
"TOL","Toll Brothers, Inc.","30.53","4499022920","n/a","n/a","Capital Goods","Homebuilding","https://www.nasdaq.com/symbol/tol",
"TTC","Toro Company (The)","54.82","5785209091.08","n/a","n/a","Capital Goods","Tools/Hardware","https://www.nasdaq.com/symbol/ttc",
"TBLTU","ToughBuilt Industries, Inc.","n/a","0","n/a","n/a","Capital Goods","Industrial Machinery/Components","https://www.nasdaq.com/symbol/tbltu",
"TOWR","Tower International, Inc.","28.08","578560993.92","n/a","2010","Capital Goods","Auto Parts:O.E.M.","https://www.nasdaq.com/symbol/towr",
"TM","Toyota Motor Corp Ltd Ord","115.31","168142752981.19","n/a","n/a","Capital Goods","Auto Manufacturing","https://www.nasdaq.com/symbol/tm",
"TRNS","Transcat, Inc.","20.65","148678905.55","n/a","n/a","Capital Goods","Electrical Products","https://www.nasdaq.com/symbol/trns",
"TDG","Transdigm Group Incorporated","312.09","16424889110.46","n/a","2006","Capital Goods","Military/Government/Technical","https://www.nasdaq.com/symbol/tdg",
"TG","Tredegar Corporation","18.61","617706413.97","n/a","n/a","Capital Goods","Metal Fabrications","https://www.nasdaq.com/symbol/tg",
"TPH","TRI Pointe Group, Inc.","10.87","1545739142.31","n/a","2013","Capital Goods","Homebuilding","https://www.nasdaq.com/symbol/tph",
"TRS","TriMas Corporation","27.42","1257124383.54","n/a","2007","Capital Goods","Industrial Specialties","https://www.nasdaq.com/symbol/trs",
"TRMB","Trimble Inc.","35.87","8965932229.91","n/a","1990","Capital Goods","Industrial Machinery/Components","https://www.nasdaq.com/symbol/trmb",
"TRN","Trinity Industries, Inc.","27.5","4023211885","n/a","n/a","Capital Goods","Railroads","https://www.nasdaq.com/symbol/trn",
"TGI","Triumph Group, Inc.","17.22","857764740.84","n/a","1996","Capital Goods","Aerospace","https://www.nasdaq.com/symbol/tgi",
"USCR","U S Concrete, Inc.","29.17","490580009.88","n/a","n/a","Capital Goods","Building Materials","https://www.nasdaq.com/symbol/uscr",
"UFPT","UFP Technologies, Inc.","34.19","251623732.49","n/a","1993","Capital Goods","Containers/Packaging","https://www.nasdaq.com/symbol/ufpt",
"UFAB","Unique Fabricating, Inc.","7.08","69182835.96","n/a","2015","Capital Goods","Auto Parts:O.E.M.","https://www.nasdaq.com/symbol/ufab",
"UAMY","United States Antimony Corporation","0.6569","44818428.6299","n/a","n/a","Capital Goods","Metal Fabrications","https://www.nasdaq.com/symbol/uamy",
"UTX","United Technologies Corporation","121.09","96883295880.65","n/a","n/a","Capital Goods","Aerospace","https://www.nasdaq.com/symbol/utx",
"OLED","Universal Display Corporation","101.31","4771099826.46","n/a","n/a","Capital Goods","Electrical Products","https://www.nasdaq.com/symbol/oled",
"UQM","UQM Technologies Inc.","1.21","65590699.9","n/a","n/a","Capital Goods","Industrial Machinery/Components","https://www.nasdaq.com/symbol/uqm",
"USG","USG Corporation","42.03","5873937114.6","n/a","n/a","Capital Goods","Building Materials","https://www.nasdaq.com/symbol/usg",
"VMI","Valmont Industries, Inc.","117.21","2626464770.37","n/a","n/a","Capital Goods","Metal Fabrications","https://www.nasdaq.com/symbol/vmi",
"VREX","Varex Imaging Corporation","25.18","957141001.72","n/a","n/a","Capital Goods","Industrial Machinery/Components","https://www.nasdaq.com/symbol/vrex",
"VEDL","Vedanta  Limited","11.18","10389564597.62","n/a","2013","Capital Goods","Metal Fabrications","https://www.nasdaq.com/symbol/vedl",
"VNE","Veoneer, Inc.","32.72","2852102113.2","n/a","2018","Capital Goods","Auto Parts:O.E.M.","https://www.nasdaq.com/symbol/vne",
"VICR","Vicor Corporation","35.85","1431122858.25","n/a","n/a","Capital Goods","Industrial Machinery/Components","https://www.nasdaq.com/symbol/vicr",
"VSH","Vishay Intertechnology, Inc.","17.13","2470405382.46","n/a","n/a","Capital Goods","Electrical Products","https://www.nasdaq.com/symbol/vsh",
"VPG","Vishay Precision Group, Inc.","30.81","415146602.91","n/a","n/a","Capital Goods","Electrical Products","https://www.nasdaq.com/symbol/vpg",
"VSTO","Vista Outdoor Inc.","13.47","774906793.68","n/a","2015","Capital Goods","Ordnance And Accessories","https://www.nasdaq.com/symbol/vsto",
"VC","Visteon Corporation","73.8","2133540730.8","n/a","n/a","Capital Goods","Auto Parts:O.E.M.","https://www.nasdaq.com/symbol/vc",
"VSLR","Vivint Solar, Inc.","4.85","575206255.8","n/a","2014","Capital Goods","Building Products","https://www.nasdaq.com/symbol/vslr",
"VJET","voxeljet AG","2.42","56773200","n/a","2013","Capital Goods","Industrial Machinery/Components","https://www.nasdaq.com/symbol/vjet",
"WNC","Wabash National Corporation","13.36","764317423.68","n/a","1991","Capital Goods","Construction/Ag Equipment/Trucks","https://www.nasdaq.com/symbol/wnc",
"WBC","Wabco Holdings Inc.","103.95","5422991666.4","n/a","n/a","Capital Goods","Auto Manufacturing","https://www.nasdaq.com/symbol/wbc",
"WAT","Waters Corporation","183.66","14154125770.98","n/a","1995","Capital Goods","Biotechnology: Laboratory Analytical Instruments","https://www.nasdaq.com/symbol/wat",
"WTS","Watts Water Technologies, Inc.","68.08","2323842447.68","n/a","1986","Capital Goods","Metal Fabrications","https://www.nasdaq.com/symbol/wts",
"WAIR","Wesco Aircraft Holdings, Inc.","9.87","982004615.34","n/a","2011","Capital Goods","Wholesale Distributors","https://www.nasdaq.com/symbol/wair",
"WAB","Westinghouse Air Brake Technologies Corporation","90.07","8702108186.22","n/a","n/a","Capital Goods","Railroads","https://www.nasdaq.com/symbol/wab",
"WTT","Wireless Telecom Group,  Inc.","1.65","34616424.15","n/a","n/a","Capital Goods","Electrical Products","https://www.nasdaq.com/symbol/wtt",
"WKHS","Workhorse Group, Inc.","0.844","47492668.296","n/a","n/a","Capital Goods","Auto Manufacturing","https://www.nasdaq.com/symbol/wkhs",
"WOR","Worthington Industries, Inc.","39.73","2350651830.72","n/a","n/a","Capital Goods","Steel/Iron Ore","https://www.nasdaq.com/symbol/wor",
"XYL","Xylem Inc.","65.7","11800882955.7","n/a","2011","Capital Goods","Fluid Controls","https://www.nasdaq.com/symbol/xyl",
"YECO","Yulong Eco-Materials Limited","6.16","14852191.2","n/a","2017","Capital Goods","Building Materials","https://www.nasdaq.com/symbol/yeco",
"ZKIN","ZK International Group Co., Ltd","2.33","30796802.96","n/a","2017","Capital Goods","Metal Fabrications","https://www.nasdaq.com/symbol/zkin",
