"Symbol","Name","LastSale","MarketCap","ADR TSO","IPOyear","Sector","Industry","Summary Quote",
"AXAS","Abraxas Petroleum Corporation","1.79","298416909.03","n/a","n/a","Energy","Oil & Gas Production","https://www.nasdaq.com/symbol/axas",
"AE","Adams Resources & Energy, Inc.","39.69","167396385.24","n/a","n/a","Energy","Oil Refining/Marketing","https://www.nasdaq.com/symbol/ae",
"ANW","Aegean Marine Petroleum Network Inc.","1.01","41046826.22","n/a","2006","Energy","Oil Refining/Marketing","https://www.nasdaq.com/symbol/anw",
"ARLP","Alliance Resource Partners, L.P.","19.39","2547256427.66","n/a","1999","Energy","Coal Mining","https://www.nasdaq.com/symbol/arlp",
"AMR","Alta Mesa Resources, Inc.","2.88","1105864073.28","n/a","2017","Energy","Oil & Gas Production","https://www.nasdaq.com/symbol/amr",
"AMRWW","Alta Mesa Resources, Inc.","0.44","0","n/a","2017","Energy","Oil & Gas Production","https://www.nasdaq.com/symbol/amrww",
"AETI","American Electric Technologies, Inc.","0.6","5349683.4","n/a","n/a","Energy","Industrial Machinery/Components","https://www.nasdaq.com/symbol/aeti",
"APC","Anadarko Petroleum Corporation","55.87","28609633769.81","n/a","n/a","Energy","Oil & Gas Production","https://www.nasdaq.com/symbol/apc",
"ANDX","Andeavor Logistics LP","39.98","9814000265.14","n/a","2011","Energy","Natural Gas Distribution","https://www.nasdaq.com/symbol/andx",
"AR","Antero Resources Corporation","15.74","4990938424.96","n/a","2013","Energy","Oil & Gas Production","https://www.nasdaq.com/symbol/ar",
"APA","Apache Corporation","36.18","13838341779.54","n/a","n/a","Energy","Oil & Gas Production","https://www.nasdaq.com/symbol/apa",
"AREX","Approach Resources Inc.","1.69","159682774.81","n/a","2007","Energy","Oil & Gas Production","https://www.nasdaq.com/symbol/arex",
"ARCH","Arch Coal, Inc.","93.11","1750412134","n/a","2016","Energy","Coal Mining","https://www.nasdaq.com/symbol/arch",
"AT","Atlantic Power Corporation","2.16","238214059.92","n/a","n/a","Energy","Electric Utilities: Central","https://www.nasdaq.com/symbol/at",
"BHGE","Baker Hughes, a GE company","26.59","29232903477.6","n/a","2017","Energy","Metal Fabrications","https://www.nasdaq.com/symbol/bhge",
"BLDP","Ballard Power Systems, Inc.","3.53","635256053.66","n/a","n/a","Energy","Industrial Machinery/Components","https://www.nasdaq.com/symbol/bldp",
"BRN","Barnwell Industries, Inc.","1.62","13408999.2","n/a","n/a","Energy","Oil & Gas Production","https://www.nasdaq.com/symbol/brn",
"BAS","Basic Energy Services, Inc.","7.42","196412965","n/a","2005","Energy","Oilfield Services/Equipment","https://www.nasdaq.com/symbol/bas",
"BTE","Baytex Energy Corp","1.98","1096821399.96","n/a","n/a","Energy","Oil & Gas Production","https://www.nasdaq.com/symbol/bte",
"BXE","Bellatrix Exploration Ltd","0.8798","58909557.7806","n/a","n/a","Energy","Oil & Gas Production","https://www.nasdaq.com/symbol/bxe",
"BRY","Berry Petroleum Corporation","14.15","1150915182.3","n/a","2018","Energy","Oil & Gas Production","https://www.nasdaq.com/symbol/bry",
"BBL","BHP Billiton plc","39.02","103861961434.2","n/a","n/a","Energy","Coal Mining","https://www.nasdaq.com/symbol/bbl",
"BSM","Black Stone Minerals, L.P.","16.7","3379470299.7","n/a","2015","Energy","Oil & Gas Production","https://www.nasdaq.com/symbol/bsm",
"BE","Bloom Energy Corporation","22.03","2406268122.34","n/a","2018","Energy","Industrial Machinery/Components","https://www.nasdaq.com/symbol/be",
"BKEP","Blueknight Energy Partners L.P., L.L.C.","2.2","88851413.2","n/a","2011","Energy","Natural Gas Distribution","https://www.nasdaq.com/symbol/bkep",
"BKEPP","Blueknight Energy Partners L.P., L.L.C.","6.1","183967575.9","n/a","n/a","Energy","Natural Gas Distribution","https://www.nasdaq.com/symbol/bkepp",
"BCEI","Bonanza Creek Energy, Inc.","26.76","549679033.2","n/a","2017","Energy","Oil & Gas Production","https://www.nasdaq.com/symbol/bcei",
"BPMP","BP Midstream Partners LP","18.4","1927419688","n/a","2017","Energy","Natural Gas Distribution","https://www.nasdaq.com/symbol/bpmp",
"BP","BP p.l.c.","41.03","137198036583.74","n/a","n/a","Energy","Integrated oil Companies","https://www.nasdaq.com/symbol/bp",
"BPT","BP Prudhoe Bay Royalty Trust","30.98","662972000","n/a","n/a","Energy","Integrated oil Companies","https://www.nasdaq.com/symbol/bpt",
"BGG","Briggs & Stratton Corporation","13.41","568417581.9","n/a","n/a","Energy","Industrial Machinery/Components","https://www.nasdaq.com/symbol/bgg",
"BC","Brunswick Corporation","48.91","4241610289.42","n/a","n/a","Energy","Industrial Machinery/Components","https://www.nasdaq.com/symbol/bc",
"BPL","Buckeye Partners L.P.","32.15","4931302480.1","n/a","1986","Energy","Natural Gas Distribution","https://www.nasdaq.com/symbol/bpl",
"BWXT","BWX Technologies, Inc.","56.02","5585676388.22","n/a","n/a","Energy","Industrial Machinery/Components","https://www.nasdaq.com/symbol/bwxt",
"CJ","C&J Energy Services, Inc","17.79","1216082006.43","n/a","2017","Energy","Oilfield Services/Equipment","https://www.nasdaq.com/symbol/cj",
"COG","Cabot Oil & Gas Corporation","22.96","10129432736.64","n/a","1990","Energy","Oil & Gas Production","https://www.nasdaq.com/symbol/cog",
"WHD","Cactus, Inc.","32.44","2429424203.68","n/a","2018","Energy","Metal Fabrications","https://www.nasdaq.com/symbol/whd",
"CRC","California Resources Corporation","29.41","1422060465.37","n/a","2014","Energy","Oil & Gas Production","https://www.nasdaq.com/symbol/crc",
"CPE","Callon Petroleum Company","9.6","2184652185.6","n/a","n/a","Energy","Oil & Gas Production","https://www.nasdaq.com/symbol/cpe",
"CPE^A","Callon Petroleum Company","50.8677","0","n/a","n/a","Energy","Oil & Gas Production","https://www.nasdaq.com/symbol/cpe^a",
"CLMT","Calumet Specialty Products Partners, L.P.","4.44","342320812.08","n/a","2006","Energy","Integrated oil Companies","https://www.nasdaq.com/symbol/clmt",
"CEI","Camber Energy, Inc.","0.1951","14408278.0083","n/a","n/a","Energy","Oil & Gas Production","https://www.nasdaq.com/symbol/cei",
"CNQ","Canadian Natural Resources Limited","27.25","33052610503.75","n/a","n/a","Energy","Oil & Gas Production","https://www.nasdaq.com/symbol/cnq",
"CPST","Capstone Turbine Corporation","0.82","52638923.38","n/a","2000","Energy","Industrial Machinery/Components","https://www.nasdaq.com/symbol/cpst",
"CRZO","Carrizo Oil & Gas, Inc.","17.25","1416474987","n/a","1997","Energy","Oil & Gas Production","https://www.nasdaq.com/symbol/crzo",
"CVE","Cenovus Energy Inc","8.3","10198198106.1","n/a","n/a","Energy","Oil & Gas Production","https://www.nasdaq.com/symbol/cve",
"CDEV","Centennial Resource Development, Inc.","18.09","4994452253.16","n/a","2016","Energy","Oil & Gas Production","https://www.nasdaq.com/symbol/cdev",
"CHAP","Chaparral Energy, Inc.","14.47","672282190.58","n/a","n/a","Energy","Oil & Gas Production","https://www.nasdaq.com/symbol/chap",
"CHK","Chesapeake Energy Corporation","3.72","3393659343.24","n/a","n/a","Energy","Oil & Gas Production","https://www.nasdaq.com/symbol/chk",
"CHKR","Chesapeake Granite Wash Trust","1.55","72462500","n/a","2011","Energy","Oil & Gas Production","https://www.nasdaq.com/symbol/chkr",
"CVX","Chevron Corporation","108.93","208725903603","n/a","n/a","Energy","Integrated oil Companies","https://www.nasdaq.com/symbol/cvx",
"SNP","China Petroleum & Chemical Corporation","79.6","96372682841.6","n/a","n/a","Energy","Integrated oil Companies","https://www.nasdaq.com/symbol/snp",
"CYD","China Yuchai International Limited","14.53","593670968.23","n/a","1994","Energy","Industrial Machinery/Components","https://www.nasdaq.com/symbol/cyd",
"XEC","Cimarex Energy Co","78.52","7487358930.48","n/a","n/a","Energy","Oil & Gas Production","https://www.nasdaq.com/symbol/xec",
"CKX","CKX Lands, Inc.","10.53","20454472.35","n/a","n/a","Energy","Oil & Gas Production","https://www.nasdaq.com/symbol/ckx",
"CLD","Cloud Peak Energy Inc","1.76","133369383.84","n/a","2009","Energy","Coal Mining","https://www.nasdaq.com/symbol/cld",
"CEO","CNOOC Limited","167.94","1778336308.98","n/a","2001","Energy","Oil & Gas Production","https://www.nasdaq.com/symbol/ceo",
"CEIX","CNX Resources Corporation","39.08","1094368377.8","n/a","2017","Energy","Coal Mining","https://www.nasdaq.com/symbol/ceix",
"CNX","CNX Resources Corporation","13.3","2833686947.7","n/a","1999","Energy","Oil & Gas Production","https://www.nasdaq.com/symbol/cnx",
"CRK","Comstock Resources, Inc.","6.79","711932301.22","n/a","n/a","Energy","Oil & Gas Production","https://www.nasdaq.com/symbol/crk",
"CXO","Concho Resources Inc.","130.93","26220503197.32","n/a","2007","Energy","Oil & Gas Production","https://www.nasdaq.com/symbol/cxo",
"COP","ConocoPhillips","67.35","77536148700","n/a","n/a","Energy","Integrated oil Companies","https://www.nasdaq.com/symbol/cop",
"CCR","CONSOL Coal Resources LP","18.8","517383332","n/a","2015","Energy","Coal Mining","https://www.nasdaq.com/symbol/ccr",
"MCF","Contango Oil & Gas Company","5.02","129130137.7","n/a","n/a","Energy","Oil & Gas Production","https://www.nasdaq.com/symbol/mcf",
"CLR","Continental Resources, Inc.","50.37","18941008774.26","n/a","2007","Energy","Oil & Gas Production","https://www.nasdaq.com/symbol/clr",
"CLB","Core Laboratories N.V.","84.02","3715425818.62","n/a","1995","Energy","Oilfield Services/Equipment","https://www.nasdaq.com/symbol/clb",
"CPG","Crescent Point Energy Corporation","4.92","2705307879","n/a","n/a","Energy","Oil & Gas Production","https://www.nasdaq.com/symbol/cpg",
"CRT","Cross Timbers Royalty Trust","15.07","90420000","n/a","1992","Energy","Oil & Gas Production","https://www.nasdaq.com/symbol/crt",
"CAPL","CrossAmerica Partners LP","16.72","575729357.28","n/a","2012","Energy","Oil Refining/Marketing","https://www.nasdaq.com/symbol/capl",
"CCLP","CSI Compressco LP","4.73","208271118.77","n/a","2011","Energy","Oilfield Services/Equipment","https://www.nasdaq.com/symbol/cclp",
"CMI","Cummins Inc.","131.38","21455826638.42","n/a","n/a","Energy","Industrial Machinery/Components","https://www.nasdaq.com/symbol/cmi",
"CVI","CVR Energy Inc.","40.75","4096621909.25","n/a","2007","Energy","Integrated oil Companies","https://www.nasdaq.com/symbol/cvi",
"CVRR","CVR Refining, LP","18.65","2752740000","n/a","2013","Energy","Integrated oil Companies","https://www.nasdaq.com/symbol/cvrr",
"CELP","Cypress Energy Partners, L.P.","6.2625","74733681.525","n/a","2014","Energy","Oilfield Services/Equipment","https://www.nasdaq.com/symbol/celp",
"DWSN","Dawson Geophysical Company","5.35","122628414.65","n/a","n/a","Energy","Oil & Gas Production","https://www.nasdaq.com/symbol/dwsn",
"DKL","Delek Logistics Partners, L.P.","30.6","746492599.8","n/a","2012","Energy","Natural Gas Distribution","https://www.nasdaq.com/symbol/dkl",
"DK","Delek US Holdings, Inc.","35.38","3065270837.6","n/a","2017","Energy","Integrated oil Companies","https://www.nasdaq.com/symbol/dk",
"DNR","Denbury Resources Inc.","3.32","1529315909.04","n/a","n/a","Energy","Oil & Gas Production","https://www.nasdaq.com/symbol/dnr",
"DVN","Devon Energy Corporation","30.98","15762624000","n/a","n/a","Energy","Oil & Gas Production","https://www.nasdaq.com/symbol/dvn",
"DO","Diamond Offshore Drilling, Inc.","14.04","1929579790.32","n/a","1995","Energy","Oil & Gas Production","https://www.nasdaq.com/symbol/do",
"FANG","Diamondback Energy, Inc.","108.17","10673559116.27","n/a","2012","Energy","Oil & Gas Production","https://www.nasdaq.com/symbol/fang",
"DMLP","Dorchester Minerals, L.P.","17.46","563604854.04","n/a","n/a","Energy","Oil & Gas Production","https://www.nasdaq.com/symbol/dmlp",
"DRQ","Dril-Quip, Inc.","41.82","1496204218.62","n/a","1997","Energy","Metal Fabrications","https://www.nasdaq.com/symbol/drq",
"ESTE","Earthstone Energy, Inc.","8.58","549664443.9","n/a","n/a","Energy","Oil & Gas Production","https://www.nasdaq.com/symbol/este",
"ECT","ECA Marcellus Trust I","1.77","31160850","n/a","2010","Energy","Oil & Gas Production","https://www.nasdaq.com/symbol/ect",
"ECR","Eclipse Resources Corporation","1.01","305561297.38","n/a","2014","Energy","Oil & Gas Production","https://www.nasdaq.com/symbol/ecr",
"EC","Ecopetrol S.A.","23.11","47510340702.74","n/a","n/a","Energy","Oil & Gas Production","https://www.nasdaq.com/symbol/ec",
"ESES","Eco-Stim Energy Solutions, Inc.","0.2007","15027106.8339","n/a","n/a","Energy","Oilfield Services/Equipment","https://www.nasdaq.com/symbol/eses",
"EMR","Emerson Electric Company","66.33","41686119997.83","n/a","n/a","Energy","Consumer Electronics/Appliances","https://www.nasdaq.com/symbol/emr",
"EEQ","Enbridge Energy Management LLC","10.31","1016680358.52","n/a","2002","Energy","Oil & Gas Production","https://www.nasdaq.com/symbol/eeq",
"EEP","Enbridge Energy, L.P.","10.31","4650528369.87","n/a","n/a","Energy","Natural Gas Distribution","https://www.nasdaq.com/symbol/eep",
"ENB","Enbridge Inc","30.49","52575562271.61","n/a","n/a","Energy","Natural Gas Distribution","https://www.nasdaq.com/symbol/enb",
"ENBA","Enbridge Inc","24.69","0","n/a","2018","Energy","Natural Gas Distribution","https://www.nasdaq.com/symbol/enba",
"ECA","Encana Corporation","9.91","9438156587.13","n/a","n/a","Energy","Oil & Gas Production","https://www.nasdaq.com/symbol/eca",
"EGN","Energen Corporation","69.33","6763812961.05","n/a","n/a","Energy","Oil & Gas Production","https://www.nasdaq.com/symbol/egn",
"ERF","Enerplus Corporation","9.14","2238144045.92","n/a","n/a","Energy","Oil & Gas Production","https://www.nasdaq.com/symbol/erf",
"E","ENI S.p.A.","34.63","62925918988.95","n/a","n/a","Energy","Oil & Gas Production","https://www.nasdaq.com/symbol/e",
"ESV","ENSCO plc","6.88","2992359019.52","n/a","n/a","Energy","Oil & Gas Production","https://www.nasdaq.com/symbol/esv",
"ENSV","ENSERVCO Corporation","0.6031","32847738.3699","n/a","n/a","Energy","Oilfield Services/Equipment","https://www.nasdaq.com/symbol/ensv",
"EOG","EOG Resources, Inc.","102.04","59101647999.36","n/a","n/a","Energy","Oil & Gas Production","https://www.nasdaq.com/symbol/eog",
"EPE","EP Energy Corporation","1.63","419341811.45","n/a","2014","Energy","Oil & Gas Production","https://www.nasdaq.com/symbol/epe",
"EQT","EQT Corporation","31","7887206000","n/a","n/a","Energy","Oil & Gas Production","https://www.nasdaq.com/symbol/eqt",
"EQNR","Equinor ASA","25.41","84583497809.58","n/a","n/a","Energy","Integrated oil Companies","https://www.nasdaq.com/symbol/eqnr",
"EPM","Evolution Petroleum Corporation, Inc.","9.89","328066273.46","n/a","n/a","Energy","Oil & Gas Production","https://www.nasdaq.com/symbol/epm",
"XOG","Extraction Oil & Gas, Inc.","7.33","1286261649.07","n/a","2016","Energy","Oil & Gas Production","https://www.nasdaq.com/symbol/xog",
"XOM","Exxon Mobil Corporation","77.05","326215087313.4","n/a","n/a","Energy","Integrated oil Companies","https://www.nasdaq.com/symbol/xom",
"FLMN","Falcon Minerals Corporation","9.45","811329750","n/a","2017","Energy","Oil & Gas Production","https://www.nasdaq.com/symbol/flmn",
"FLMNW","Falcon Minerals Corporation","1.75","0","n/a","2017","Energy","Oil & Gas Production","https://www.nasdaq.com/symbol/flmnw",
"FELP","Foresight Energy LP","3.79","551635678.69","n/a","2014","Energy","Coal Mining","https://www.nasdaq.com/symbol/felp",
"FET","Forum Energy Technologies, Inc.","8.09","881453805.39","n/a","2012","Energy","Metal Fabrications","https://www.nasdaq.com/symbol/fet",
"FI","Frank&#39;s International N.V.","6.75","1513259178.75","n/a","2013","Energy","Oilfield Services/Equipment","https://www.nasdaq.com/symbol/fi",
"FTSI","FTS International, Inc.","11.16","1219504134.24","n/a","2018","Energy","Oilfield Services/Equipment","https://www.nasdaq.com/symbol/ftsi",
"GE","General Electric Company","11.16","96992463960","n/a","n/a","Energy","Consumer Electronics/Appliances","https://www.nasdaq.com/symbol/ge",
"GEL","Genesis Energy, L.P.","22.18","2718807055.24","n/a","1996","Energy","Oil Refining/Marketing","https://www.nasdaq.com/symbol/gel",
"GPRK","Geopark Ltd","15.9","963787388.1","n/a","2014","Energy","Oil & Gas Production","https://www.nasdaq.com/symbol/gprk",
"GLP","Global Partners LP","19.7","669712591.1","n/a","2005","Energy","Oil Refining/Marketing","https://www.nasdaq.com/symbol/glp",
"GDP","Goodrich Petroleum Corporation","14.12","167158010.32","n/a","2017","Energy","Oil & Gas Production","https://www.nasdaq.com/symbol/gdp",
"EAF","GrafTech International Ltd.","15.42","4480089977.04","n/a","2018","Energy","Industrial Machinery/Components","https://www.nasdaq.com/symbol/eaf",
"GTE","Gran Tierra Energy Inc.","2.99","1170105072.11","n/a","n/a","Energy","Oil & Gas Production","https://www.nasdaq.com/symbol/gte",
"GLF","GulfMark Offshore, Inc.","32","241142560","n/a","2017","Energy","Metal Fabrications","https://www.nasdaq.com/symbol/glf",
"GPOR","Gulfport Energy Corporation","8.57","1485198611.35","n/a","n/a","Energy","Oil & Gas Production","https://www.nasdaq.com/symbol/gpor",
"HK","Halcon Resources Corporation","3.16","507669335.48","n/a","n/a","Energy","Oil & Gas Production","https://www.nasdaq.com/symbol/hk",
"HNRG","Hallador Energy Company","6.4","193132736","n/a","n/a","Energy","Coal Mining","https://www.nasdaq.com/symbol/hnrg",
"HAL","Halliburton Company","34.42","30286006930.62","n/a","n/a","Energy","Oilfield Services/Equipment","https://www.nasdaq.com/symbol/hal",
"HLX","Helix Energy Solutions Group, Inc.","8.17","1210407330.24","n/a","n/a","Energy","Oilfield Services/Equipment","https://www.nasdaq.com/symbol/hlx",
"HP","Helmerich & Payne, Inc.","60.97","6642300681.38","n/a","n/a","Energy","Oil & Gas Production","https://www.nasdaq.com/symbol/hp",
"HES","Hess Corporation","56.16","16830489255.84","n/a","n/a","Energy","Integrated oil Companies","https://www.nasdaq.com/symbol/hes",
"HESM","Hess Midstream Partners LP","21.69","1183768297.65","n/a","2017","Energy","Oil & Gas Production","https://www.nasdaq.com/symbol/hesm",
"HPR","HighPoint Resources Corporation","3.51","0","n/a","2018","Energy","Oil & Gas Production","https://www.nasdaq.com/symbol/hpr",
"HEP","Holly Energy Partners, L.P.","29.63","3124193155.63","n/a","2004","Energy","Natural Gas Distribution","https://www.nasdaq.com/symbol/hep",
"HFC","HollyFrontier Corporation","62.15","10949304901.15","n/a","n/a","Energy","Integrated oil Companies","https://www.nasdaq.com/symbol/hfc",
"HOLI","Hollysys Automation Technologies, Ltd.","18.38","1109087779.62","n/a","n/a","Energy","Industrial Machinery/Components","https://www.nasdaq.com/symbol/holi",
"HUSA","Houston American Energy Corporation","0.2038","12499305.8968","n/a","n/a","Energy","Oil & Gas Production","https://www.nasdaq.com/symbol/husa",
"IPWR","Ideal Power Inc.","0.5199","7278777.8058","n/a","2013","Energy","Industrial Machinery/Components","https://www.nasdaq.com/symbol/ipwr",
"IMO","Imperial Oil Limited","31.23","24756109568.28","n/a","n/a","Energy","Integrated oil Companies","https://www.nasdaq.com/symbol/imo",
"ICD","Independence Contract Drilling, Inc.","3.99","302012193.21","n/a","2014","Energy","Oil & Gas Production","https://www.nasdaq.com/symbol/icd",
"IO","Ion Geophysical Corporation","11.49","160894458.51","n/a","n/a","Energy","Oil & Gas Production","https://www.nasdaq.com/symbol/io",
"ISRL","Isramco, Inc.","114.69","311687049.12","n/a","1983","Energy","Oil & Gas Production","https://www.nasdaq.com/symbol/isrl",
"JAG","Jagged Peak Energy Inc.","11.93","2543228237.76","n/a","2017","Energy","Oil & Gas Production","https://www.nasdaq.com/symbol/jag",
"JONE","Jones Energy, Inc.","2.74","14092469.38","n/a","2013","Energy","Oil & Gas Production","https://www.nasdaq.com/symbol/jone",
"KAAC","Kayne Anderson Acquisition Corp.","10.09","111075068.79","n/a","2017","Energy","Oil & Gas Production","https://www.nasdaq.com/symbol/kaac",
"KAACU","Kayne Anderson Acquisition Corp.","10.4","0","n/a","2017","Energy","Oil & Gas Production","https://www.nasdaq.com/symbol/kaacu",
"KAACW","Kayne Anderson Acquisition Corp.","1.11","0","n/a","2017","Energy","Oil & Gas Production","https://www.nasdaq.com/symbol/kaacw",
"FRAC","Keane Group, Inc.","11.29","1237676896.47","n/a","2017","Energy","Oilfield Services/Equipment","https://www.nasdaq.com/symbol/frac",
"KEG","Key Energy Services, Inc.","8.97","181593568.65","n/a","2016","Energy","Oilfield Services/Equipment","https://www.nasdaq.com/symbol/keg",
"KRP","Kimbell Royalty Partners","19.09","512365329.58","n/a","2017","Energy","Oil & Gas Production","https://www.nasdaq.com/symbol/krp",
"KLXE","KLX Energy Services Holdings, Inc. ","28.63","0","n/a","n/a","Energy","Oilfield Services/Equipment","https://www.nasdaq.com/symbol/klxe",
"PHG","Koninklijke Philips N.V.","36.07","33600647800","n/a","n/a","Energy","Consumer Electronics/Appliances","https://www.nasdaq.com/symbol/phg",
"KOS","Kosmos Energy Ltd.","6.12","2652388991.28","n/a","2011","Energy","Oil & Gas Production","https://www.nasdaq.com/symbol/kos",
"LPI","Laredo Petroleum, Inc.","4.92","1156943436.6","n/a","2011","Energy","Oil & Gas Production","https://www.nasdaq.com/symbol/lpi",
"LGCY","Legacy Reserves Inc.","3.85","296176761.65","n/a","2007","Energy","Oil & Gas Production","https://www.nasdaq.com/symbol/lgcy",
"LBRT","Liberty Oilfield Services Inc.","16.97","2005268280.45","n/a","2018","Energy","Oilfield Services/Equipment","https://www.nasdaq.com/symbol/lbrt",
"LLEX","Lilis Energy, Inc.","2.63","184627725.28","n/a","n/a","Energy","Oil & Gas Production","https://www.nasdaq.com/symbol/llex",
"LONE","Lonestar Resources US Inc.","7.24","178372799.48","n/a","n/a","Energy","Oil & Gas Production","https://www.nasdaq.com/symbol/lone",
"MIC","Macquarie Infrastructure Corporation ","37.58","3208235866.56","n/a","2004","Energy","Oil Refining/Marketing","https://www.nasdaq.com/symbol/mic",
"MMP","Magellan Midstream Partners L.P.","60.98","13915340856.8","n/a","n/a","Energy","Natural Gas Distribution","https://www.nasdaq.com/symbol/mmp",
"MGY","Magnolia Oil & Gas Corporation","12.54","2138465837.64","n/a","2017","Energy","Oil & Gas Production","https://www.nasdaq.com/symbol/mgy",
"TUSK","Mammoth Energy Services, Inc.","24.73","1106807916.94","n/a","2016","Energy","Oilfield Services/Equipment","https://www.nasdaq.com/symbol/tusk",
"MRO","Marathon Oil Corporation","18.15","15502777088.7","n/a","n/a","Energy","Oil & Gas Production","https://www.nasdaq.com/symbol/mro",
"MPC","Marathon Petroleum Corporation","67.23","46442795409.36","n/a","n/a","Energy","Integrated oil Companies","https://www.nasdaq.com/symbol/mpc",
"MARPS","Marine Petroleum Trust","3.1458","6291600","n/a","n/a","Energy","Oil & Gas Production","https://www.nasdaq.com/symbol/marps",
"MMLP","Martin Midstream Partners L.P.","12.63","493027673.31","n/a","2002","Energy","Oil Refining/Marketing","https://www.nasdaq.com/symbol/mmlp",
"MTDR","Matador Resources Company","27.88","3244262222.08","n/a","2012","Energy","Oil & Gas Production","https://www.nasdaq.com/symbol/mtdr",
"MPAC","Matlin & Partners Acquisition Corporation","10.05","93680994.6","n/a","2017","Energy","Oilfield Services/Equipment","https://www.nasdaq.com/symbol/mpac",
"MPACU","Matlin & Partners Acquisition Corporation","10","0","n/a","2017","Energy","Oilfield Services/Equipment","https://www.nasdaq.com/symbol/mpacu",
"MPACW","Matlin & Partners Acquisition Corporation","0.605","0","n/a","2017","Energy","Oilfield Services/Equipment","https://www.nasdaq.com/symbol/mpacw",
"MTR","Mesa Royalty Trust","13.45","25065285.5","n/a","n/a","Energy","Oil & Gas Production","https://www.nasdaq.com/symbol/mtr",
"MXC","Mexco Energy Corporation","4.52","9221550.32","n/a","n/a","Energy","Oil & Gas Production","https://www.nasdaq.com/symbol/mxc",
"MGEE","MGE Energy Inc.","62.92","2181333840.4","n/a","n/a","Energy","Electric Utilities: Central","https://www.nasdaq.com/symbol/mgee",
"MCEP","Mid-Con Energy Partners, LP","1.09","33175375.16","n/a","2011","Energy","Oil & Gas Production","https://www.nasdaq.com/symbol/mcep",
"MPO","MIDSTATES PETROLEUM COMPANY, INC.","6.85","173010155.45","n/a","2016","Energy","Oil & Gas Production","https://www.nasdaq.com/symbol/mpo",
"MPLX","MPLX LP","32.92","26139557734.96","n/a","2012","Energy","Natural Gas Distribution","https://www.nasdaq.com/symbol/mplx",
"MUR","Murphy Oil Corporation","30.53","5283132420.38","n/a","n/a","Energy","Oil & Gas Production","https://www.nasdaq.com/symbol/mur",
"MVO","MV Oil Trust","10.47","120405000","n/a","2007","Energy","Oil & Gas Production","https://www.nasdaq.com/symbol/mvo",
"NBR","Nabors Industries Ltd.","4.88","1744429317.12","n/a","n/a","Energy","Oil & Gas Production","https://www.nasdaq.com/symbol/nbr",
"NESR","National Energy Services Reunited Corp.","10.1","864183966.9","n/a","2017","Energy","Oilfield Services/Equipment","https://www.nasdaq.com/symbol/nesr",
"NESRW","National Energy Services Reunited Corp.","1.9","0","n/a","2017","Energy","Oilfield Services/Equipment","https://www.nasdaq.com/symbol/nesrw",
"NOV","National Oilwell Varco, Inc.","35.11","13433769170.38","n/a","n/a","Energy","Metal Fabrications","https://www.nasdaq.com/symbol/nov",
"NGS","Natural Gas Services Group, Inc.","18.46","241576900.76","n/a","2002","Energy","Oilfield Services/Equipment","https://www.nasdaq.com/symbol/ngs",
"NRP","Natural Resource Partners LP","32.06","392604195.2","n/a","2002","Energy","Coal Mining","https://www.nasdaq.com/symbol/nrp",
"NCSM","NCS Multistage Holdings, Inc.","11.55","518698026","n/a","2017","Energy","Oilfield Services/Equipment","https://www.nasdaq.com/symbol/ncsm",
"GBR","New Concept Energy, Inc","2.09","4455744.15","n/a","n/a","Energy","Oil & Gas Production","https://www.nasdaq.com/symbol/gbr",
"NFX","Newfield Exploration Company","19.1","3817277180.4","n/a","1993","Energy","Oil & Gas Production","https://www.nasdaq.com/symbol/nfx",
"NR","Newpark Resources, Inc.","7.36","668286108.48","n/a","n/a","Energy","Metal Fabrications","https://www.nasdaq.com/symbol/nr",
"NGL","NGL ENERGY PARTNERS LP","9.42","1149723377.88","n/a","2011","Energy","Oil Refining/Marketing","https://www.nasdaq.com/symbol/ngl",
"NINE","Nine Energy Service, Inc.","34.52","867558193.4","n/a","2018","Energy","Oilfield Services/Equipment","https://www.nasdaq.com/symbol/nine",
"NE","Noble Corporation","4.8","1184560488","n/a","n/a","Energy","Oil & Gas Production","https://www.nasdaq.com/symbol/ne",
"NBL","Noble Energy Inc.","24.25","11715630657.5","n/a","n/a","Energy","Oil & Gas Production","https://www.nasdaq.com/symbol/nbl",
"NBLX","Noble Midstream Partners LP","34.87","1383099127.41","n/a","2016","Energy","Natural Gas Distribution","https://www.nasdaq.com/symbol/nblx",
"NOA","North American Construction Group Ltd.","9.8","265271349","n/a","2006","Energy","Oilfield Services/Equipment","https://www.nasdaq.com/symbol/noa",
"NRT","North European Oil Royality Trust","7.27","66815589.3","n/a","n/a","Energy","Oil & Gas Production","https://www.nasdaq.com/symbol/nrt",
"NOG","Northern Oil and Gas, Inc.","2.75","1040078151.75","n/a","n/a","Energy","Oil & Gas Production","https://www.nasdaq.com/symbol/nog",
"DNOW","NOW Inc.","12.52","1374385867.08","n/a","2014","Energy","Metal Fabrications","https://www.nasdaq.com/symbol/dnow",
"NS","Nustar Energy L.P.","23.45","2510149392.1","n/a","n/a","Energy","Natural Gas Distribution","https://www.nasdaq.com/symbol/ns",
"NES","Nuverra Environmental Solutions, Inc.","11","128651380","n/a","2017","Energy","Oilfield Services/Equipment","https://www.nasdaq.com/symbol/nes",
"OMP","Oasis Midstream Partners LP","21.25","584991802.5","n/a","2017","Energy","Oil & Gas Production","https://www.nasdaq.com/symbol/omp",
"OAS","Oasis Petroleum Inc.","9.69","3081378788.43","n/a","2010","Energy","Oil & Gas Production","https://www.nasdaq.com/symbol/oas",
"OBE","Obsidian Energy Ltd.","0.7266","368572247.3832","n/a","n/a","Energy","Oil & Gas Production","https://www.nasdaq.com/symbol/obe",
"OXY","Occidental Petroleum Corporation","66.46","50823387766.38","n/a","n/a","Energy","Oil & Gas Production","https://www.nasdaq.com/symbol/oxy",
"ORIG","Ocean Rig UDW Inc.","29.41","2693014350.62","n/a","n/a","Energy","Oil & Gas Production","https://www.nasdaq.com/symbol/orig",
"OII","Oceaneering International, Inc.","17.74","1747971322.06","n/a","n/a","Energy","Oilfield Services/Equipment","https://www.nasdaq.com/symbol/oii",
"OIS","Oil States International, Inc.","21.87","1311839626.14","n/a","2001","Energy","Metal Fabrications","https://www.nasdaq.com/symbol/ois",
"ROYT","Pacific Coast Oil Trust","2.26","87197937.08","n/a","2012","Energy","Oil & Gas Production","https://www.nasdaq.com/symbol/royt",
"PHX","Panhandle Royalty Company","17.41","292113841.69","n/a","n/a","Energy","Oil & Gas Production","https://www.nasdaq.com/symbol/phx",
"PARR","Par Pacific Holdings, Inc.","17.33","795115754.38","n/a","n/a","Energy","Oil & Gas Production","https://www.nasdaq.com/symbol/parr",
"PKD","Parker Drilling Company","2.15","20033171.1","n/a","n/a","Energy","Oil & Gas Production","https://www.nasdaq.com/symbol/pkd",
"PE","Parsley Energy, Inc.","23.09","7314387279.75","n/a","2014","Energy","Oil & Gas Production","https://www.nasdaq.com/symbol/pe",
"PTEN","Patterson-UTI Energy, Inc.","15.67","3447806965.57","n/a","1993","Energy","Oil & Gas Production","https://www.nasdaq.com/symbol/pten",
"PBF","PBF Energy Inc.","39.07","4447386859.36","n/a","2012","Energy","Integrated oil Companies","https://www.nasdaq.com/symbol/pbf",
"PBFX","PBF Logistics LP","20.73","939994967.64","n/a","2014","Energy","Natural Gas Distribution","https://www.nasdaq.com/symbol/pbfx",
"PDCE","PDC Energy, Inc.","41.66","2752610803.46","n/a","n/a","Energy","Oil & Gas Production","https://www.nasdaq.com/symbol/pdce",
"BTU","Peabody Energy Corporation","33.9","4125630000","n/a","2017","Energy","Coal Mining","https://www.nasdaq.com/symbol/btu",
"PED","Pedevco Corp.","1.73","25650915.87","n/a","n/a","Energy","Oil & Gas Production","https://www.nasdaq.com/symbol/ped",
"PBA","Pembina Pipeline Corp.","32.53","16460477096.49","n/a","n/a","Energy","Oil & Gas Production","https://www.nasdaq.com/symbol/pba",
"PVAC","Penn Virginia Corporation","65.95","993106756","n/a","n/a","Energy","Oil & Gas Production","https://www.nasdaq.com/symbol/pvac",
"PBT","Permian Basin Royalty Trust","7.47","348167706.12","n/a","n/a","Energy","Oil & Gas Production","https://www.nasdaq.com/symbol/pbt",
"PVL","Permianville Royalty Trust","2.71","89430000","n/a","2011","Energy","Oil & Gas Production","https://www.nasdaq.com/symbol/pvl",
"PRT","PermRock Royalty Trust","12.64","153774852.48","n/a","2018","Energy","Oil & Gas Production","https://www.nasdaq.com/symbol/prt",
"PTR","PetroChina Company Limited","70.56","129139601935.68","n/a","n/a","Energy","Oil & Gas Production","https://www.nasdaq.com/symbol/ptr",
"PBR","Petroleo Brasileiro S.A.- Petrobras","15.56","101486186115.4","n/a","n/a","Energy","Oil & Gas Production","https://www.nasdaq.com/symbol/pbr",
"PSX","Phillips 66","98.52","45739132633.2","n/a","n/a","Energy","Integrated oil Companies","https://www.nasdaq.com/symbol/psx",
"PSXP","Phillips 66 Partners LP","50.53","6210788483.29","n/a","2013","Energy","Natural Gas Distribution","https://www.nasdaq.com/symbol/psxp",
"PES","Pioneer Energy Services Corp.","2.24","175200592","n/a","n/a","Energy","Oil & Gas Production","https://www.nasdaq.com/symbol/pes",
"PXD","Pioneer Natural Resources Company","143.08","24381007129.92","n/a","n/a","Energy","Oil & Gas Production","https://www.nasdaq.com/symbol/pxd",
"PAA","Plains All American Pipeline, L.P.","21.91","15897517811.49","n/a","1998","Energy","Natural Gas Distribution","https://www.nasdaq.com/symbol/paa",
"PAGP","Plains Group Holdings, L.P.","21.36","3373900216.8","n/a","2013","Energy","Natural Gas Distribution","https://www.nasdaq.com/symbol/pagp",
"PLUG","Plug Power, Inc.","1.8","386631133.2","n/a","1999","Energy","Industrial Machinery/Components","https://www.nasdaq.com/symbol/plug",
"PDS","Precision Drilling Corporation","2.37","696262951.32","n/a","n/a","Energy","Oil & Gas Production","https://www.nasdaq.com/symbol/pds",
"PNRG","PrimeEnergy Corporation","77.0911","158958995.8293","n/a","n/a","Energy","Oil & Gas Production","https://www.nasdaq.com/symbol/pnrg",
"PFIE","Profire Energy, Inc.","2.52","121167705.96","n/a","n/a","Energy","Metal Fabrications","https://www.nasdaq.com/symbol/pfie",
"PUMP","ProPetro Holding Corp.","16.36","1366774048.56","n/a","2017","Energy","Oilfield Services/Equipment","https://www.nasdaq.com/symbol/pump",
"QEP","QEP Resources, Inc.","8.44","2000077077.08","n/a","n/a","Energy","Oil & Gas Production","https://www.nasdaq.com/symbol/qep",
"QES","Quintana Energy Services Inc.","5.94","199767747.96","n/a","2018","Energy","Oilfield Services/Equipment","https://www.nasdaq.com/symbol/qes",
"METC","Ramaco Resources, Inc.","6.87","275366548.29","n/a","2017","Energy","Coal Mining","https://www.nasdaq.com/symbol/metc",
"RRC","Range Resources Corporation","15.28","3812438615.6","n/a","n/a","Energy","Oil & Gas Production","https://www.nasdaq.com/symbol/rrc",
"RNGR","Ranger Energy Services, Inc.","6.7","105678001.2","n/a","2017","Energy","Oilfield Services/Equipment","https://www.nasdaq.com/symbol/rngr",
"RCON","Recon Technology, Ltd.","1.08","19958776.92","n/a","2009","Energy","Oilfield Services/Equipment","https://www.nasdaq.com/symbol/rcon",
"REN           ","Resolute Energy Corporation","26.93","623873602.63","n/a","n/a","Energy","Oil & Gas Production","https://www.nasdaq.com/symbol/ren",
"REI","Ring Energy, Inc.","7","422716203","n/a","n/a","Energy","Oil & Gas Production","https://www.nasdaq.com/symbol/rei",
"ROSE","Rosehill Resources Inc.","4.82","175207289.2","n/a","2016","Energy","Oil & Gas Production","https://www.nasdaq.com/symbol/rose",
"ROSEU","Rosehill Resources Inc.","6.33","0","n/a","2016","Energy","Oil & Gas Production","https://www.nasdaq.com/symbol/roseu",
"ROSEW","Rosehill Resources Inc.","0.86","0","n/a","2016","Energy","Oil & Gas Production","https://www.nasdaq.com/symbol/rosew",
"RDC","Rowan Companies plc","15.53","1973300053.03","n/a","n/a","Energy","Oil & Gas Production","https://www.nasdaq.com/symbol/rdc",
"RES","RPC, Inc.","14.13","3035498628.69","n/a","n/a","Energy","Oilfield Services/Equipment","https://www.nasdaq.com/symbol/res",
"SBR","Sabine Royalty Trust","36.03","525293800.35","n/a","n/a","Energy","Oil & Gas Production","https://www.nasdaq.com/symbol/sbr",
"SAEX","SAExploration Holdings, Inc.","5.445","15876002.835","n/a","n/a","Energy","Oil & Gas Production","https://www.nasdaq.com/symbol/saex",
"SJT","San Juan Basin Royalty Trust","5.15","240035299.4","n/a","n/a","Energy","Oil & Gas Production","https://www.nasdaq.com/symbol/sjt",
"SN","Sanchez Energy Corporation","1.76","153890070.4","n/a","2011","Energy","Oil & Gas Production","https://www.nasdaq.com/symbol/sn",
"SNMP","Sanchez Midstream Partners LP","7.2","115004217.6","n/a","n/a","Energy","Oil & Gas Production","https://www.nasdaq.com/symbol/snmp",
"SD","SandRidge Energy, Inc.","9.08","321456588.64","n/a","2016","Energy","Oil & Gas Production","https://www.nasdaq.com/symbol/sd",
"SDT","SandRidge Mississippian Trust I","1.18","33040000","n/a","2011","Energy","Oil & Gas Production","https://www.nasdaq.com/symbol/sdt",
"SDR","SandRidge Mississippian Trust II","1.111","55244475","n/a","2012","Energy","Oil & Gas Production","https://www.nasdaq.com/symbol/sdr",
"PER","SandRidge Permian Trust","2.48","130200000","n/a","2011","Energy","Oil & Gas Production","https://www.nasdaq.com/symbol/per",
"SSL","Sasol Ltd.","32.36","20369834590.44","n/a","n/a","Energy","Oil & Gas Production","https://www.nasdaq.com/symbol/ssl",
"SLB","Schlumberger N.V.","51.45","71258250000","n/a","n/a","Energy","Oilfield Services/Equipment","https://www.nasdaq.com/symbol/slb",
"SDRL","Seadrill Limited","18.64","1864000000","n/a","2018","Energy","Oil & Gas Production","https://www.nasdaq.com/symbol/sdrl",
"SDLP","Seadrill Partners LLC","3.32","304847712","n/a","2012","Energy","Oil & Gas Production","https://www.nasdaq.com/symbol/sdlp",
"WTTR","Select Energy Services, Inc.","9.45","1008202932.45","n/a","2017","Energy","Oilfield Services/Equipment","https://www.nasdaq.com/symbol/wttr",
"SEMG","Semgroup Corporation","18.5","1462214451.5","n/a","n/a","Energy","Oilfield Services/Equipment","https://www.nasdaq.com/symbol/semg",
"SHLX","Shell Midstream Partners, L.P.","20.28","4538902918.68","n/a","2014","Energy","Natural Gas Distribution","https://www.nasdaq.com/symbol/shlx",
"SBOW","SilverBow Resorces, Inc.","26.49","309063200.85","n/a","n/a","Energy","Oil & Gas Production","https://www.nasdaq.com/symbol/sbow",
"SM","SM Energy Company","23.78","2666631699.96","n/a","n/a","Energy","Oil & Gas Production","https://www.nasdaq.com/symbol/sm",
"SOI","Solaris Oilfield Infrastructure, Inc.","13.08","615275535.12","n/a","2017","Energy","Metal Fabrications","https://www.nasdaq.com/symbol/soi",
"SWN","Southwestern Energy Company","5.03","2923827243.46","n/a","n/a","Energy","Oil & Gas Production","https://www.nasdaq.com/symbol/swn",
"SRLP","Sprague Resources LP","25.16","571818465.44","n/a","2013","Energy","Oil Refining/Marketing","https://www.nasdaq.com/symbol/srlp",
"SRCI","SRC Energy Inc.","6.83","1656401525.75","n/a","n/a","Energy","Oil & Gas Production","https://www.nasdaq.com/symbol/srci",
"SU","Suncor Energy  Inc.","33.19","53686419613.55","n/a","n/a","Energy","Integrated oil Companies","https://www.nasdaq.com/symbol/su",
"SNDE","Sundance Energy Australia Limited","6.25","8218131.25","1314901","n/a","Energy","Oil & Gas Production","https://www.nasdaq.com/symbol/snde",
"SUN","Sunoco LP","26.92","2662774382.76","n/a","2012","Energy","Oil Refining/Marketing","https://www.nasdaq.com/symbol/sun",
"SDPI","Superior Drilling Products, Inc.","3.57","87590503.35","n/a","2014","Energy","Metal Fabrications","https://www.nasdaq.com/symbol/sdpi",
"SPN","Superior Energy Services, Inc.","7.44","1149704048.16","n/a","n/a","Energy","Oilfield Services/Equipment","https://www.nasdaq.com/symbol/spn",
"TALO","Talos Energy, Inc.","25.32","1371224045.76","n/a","2018","Energy","Oil & Gas Production","https://www.nasdaq.com/symbol/talo",
"FTI","TechnipFMC plc","25.88","11714160130.12","n/a","n/a","Energy","Metal Fabrications","https://www.nasdaq.com/symbol/fti",
"TELL","Tellurian Inc.","7.86","1890506960.04","n/a","n/a","Energy","Oil & Gas Production","https://www.nasdaq.com/symbol/tell",
"TGC","Tengasco, Inc.","1","10624493","n/a","n/a","Energy","Oil & Gas Production","https://www.nasdaq.com/symbol/tgc",
"TTI","Tetra Technologies, Inc.","3.03","380808678.96","n/a","n/a","Energy","Oil & Gas Production","https://www.nasdaq.com/symbol/tti",
"TPL","Texas Pacific Land Trust","690.86","5380711986.36","n/a","n/a","Energy","Oil & Gas Production","https://www.nasdaq.com/symbol/tpl",
"THR","Thermon Group Holdings, Inc.","22.8","742382409.6","n/a","2011","Energy","Industrial Machinery/Components","https://www.nasdaq.com/symbol/thr",
"TRCH","Torchlight Energy Resources, Inc.","0.79","55349277.04","n/a","n/a","Energy","Oil & Gas Production","https://www.nasdaq.com/symbol/trch",
"TOT","Total S.A.","57.29","149930016788.25","n/a","n/a","Energy","Oil & Gas Production","https://www.nasdaq.com/symbol/tot",
"TPIC","TPI Composites, Inc.","24.71","850332949.13","n/a","2016","Energy","Industrial Machinery/Components","https://www.nasdaq.com/symbol/tpic",
"TAT","Transatlantic Petroleum Ltd","1.33","67305430.71","n/a","n/a","Energy","Oil & Gas Production","https://www.nasdaq.com/symbol/tat",
"TGA","TransGlobe Energy Corporation","2.31","166794402.39","n/a","n/a","Energy","Oil & Gas Production","https://www.nasdaq.com/symbol/tga",
"TLP","TransMontaigne Partners L.P.","38.52","624877256.52","n/a","2005","Energy","Natural Gas Distribution","https://www.nasdaq.com/symbol/tlp",
"RIG","Transocean Ltd.","10.4","4803822764","n/a","n/a","Energy","Oil & Gas Production","https://www.nasdaq.com/symbol/rig",
"TREC","Trecora Resources","10.81","264700729.74","n/a","n/a","Energy","Integrated oil Companies","https://www.nasdaq.com/symbol/trec",
"USEG","U.S. Energy Corp.","0.975","12781309.125","n/a","n/a","Energy","Oil & Gas Production","https://www.nasdaq.com/symbol/useg",
"UPL","Ultra Petroleum Corp.","1.25","246318646.25","n/a","n/a","Energy","Oil & Gas Production","https://www.nasdaq.com/symbol/upl",
"UNT","Unit Corporation","22.01","1190450600.06","n/a","n/a","Energy","Oil & Gas Production","https://www.nasdaq.com/symbol/unt",
"EGY","VAALCO Energy, Inc. ","1.97","117108005.36","n/a","n/a","Energy","Oil & Gas Production","https://www.nasdaq.com/symbol/egy",
"VLO","Valero Energy Corporation","87.38","37346039599.26","n/a","n/a","Energy","Integrated oil Companies","https://www.nasdaq.com/symbol/vlo",
"VLP","Valero Energy Partners LP","42.39","2936019147.3","n/a","2013","Energy","Natural Gas Distribution","https://www.nasdaq.com/symbol/vlp",
"VET","Vermilion Energy Inc.","26.42","4028936631.78","n/a","n/a","Energy","Oil & Gas Production","https://www.nasdaq.com/symbol/vet",
"VTNR","Vertex Energy, Inc","1.5","52537557","n/a","n/a","Energy","Integrated oil Companies","https://www.nasdaq.com/symbol/vtnr",
"VNOM","Viper Energy Partners LP","34.89","4325288074.53","n/a","2014","Energy","Oil & Gas Production","https://www.nasdaq.com/symbol/vnom",
"VOC","VOC Energy Trust","4.53","77010000","n/a","2011","Energy","Oil & Gas Production","https://www.nasdaq.com/symbol/voc",
"WTI","W&T Offshore, Inc.","6.33","880843541.34","n/a","2005","Energy","Oil & Gas Production","https://www.nasdaq.com/symbol/wti",
"HCC","Warrior Met Coal, Inc.","27.44","1448554444.4","n/a","2017","Energy","Coal Mining","https://www.nasdaq.com/symbol/hcc",
"WFT","Weatherford International plc","1.54","1535508730.14","n/a","n/a","Energy","Metal Fabrications","https://www.nasdaq.com/symbol/wft",
"WPRT","Westport Fuel Systems Inc","2.25","298057765.5","n/a","n/a","Energy","Industrial Machinery/Components","https://www.nasdaq.com/symbol/wprt",
"WLL","Whiting Petroleum Corporation","34.23","3113812903.95","n/a","2003","Energy","Oil & Gas Production","https://www.nasdaq.com/symbol/wll",
"WRD","WildHorse Resource Development Corporation","18.42","1878941586.3","n/a","2016","Energy","Oil & Gas Production","https://www.nasdaq.com/symbol/wrd",
"WWD","Woodward, Inc.","72.81","4491830415.33","n/a","n/a","Energy","Industrial Machinery/Components","https://www.nasdaq.com/symbol/wwd",
"INT","World Fuel Services Corporation","31.04","2108984553.6","n/a","n/a","Energy","Oil Refining/Marketing","https://www.nasdaq.com/symbol/int",
"WPX","WPX Energy, Inc.","15.39","6464012828.31","n/a","2011","Energy","Oil & Gas Production","https://www.nasdaq.com/symbol/wpx",
"YPF","YPF Sociedad Anonima","14.75","5801363696.75","n/a","1993","Energy","Integrated oil Companies","https://www.nasdaq.com/symbol/ypf",
"YUMA","Yuma Energy, Inc.","0.2883","6701176.8729","n/a","n/a","Energy","Oil & Gas Production","https://www.nasdaq.com/symbol/yuma",
"ZN","Zion Oil & Gas Inc","1.12","66453604","n/a","n/a","Energy","Oil & Gas Production","https://www.nasdaq.com/symbol/zn",
"ZNWAA","Zion Oil & Gas Inc","n/a","0","n/a","n/a","Energy","Oil & Gas Production","https://www.nasdaq.com/symbol/znwaa",
