"Symbol","Name","LastSale","MarketCap","ADR TSO","IPOyear","Sector","Industry","Summary Quote",
"TPNL","3PEA International, Inc.","3.79","165512199.35","n/a","n/a","Miscellaneous","Business Services","https://www.nasdaq.com/symbol/tpnl",
"ACTG","Acacia Research Corporation","3.02","149475093.28","n/a","n/a","Miscellaneous","Multi-Sector Companies","https://www.nasdaq.com/symbol/actg",
"ACN","Accenture plc","152.74","97599460596.12","n/a","2001","Miscellaneous","Business Services","https://www.nasdaq.com/symbol/acn",
"AKAM","Akamai Technologies, Inc.","62.05","10517762167.4","n/a","1999","Miscellaneous","Business Services","https://www.nasdaq.com/symbol/akam",
"BABA","Alibaba Group Holding Limited","133.38","343044002459.34","n/a","2014","Miscellaneous","Business Services","https://www.nasdaq.com/symbol/baba",
"ALJJ","ALJ Regional Holdings, Inc.","1.52","57640096.32","n/a","n/a","Miscellaneous","Business Services","https://www.nasdaq.com/symbol/aljj",
"ADS","Alliance Data Systems Corporation","200.6","11021684354.6","n/a","2001","Miscellaneous","Business Services","https://www.nasdaq.com/symbol/ads",
"ARTX","Arotech Corporation","2.74","72572056.48","n/a","1994","Miscellaneous","Industrial Machinery/Components","https://www.nasdaq.com/symbol/artx",
"ATHN","athenahealth, Inc.","123.12","4986605624.4","n/a","2007","Miscellaneous","Business Services","https://www.nasdaq.com/symbol/athn",
"ATKR","Atkore International Group Inc.","19.04","876543356.64","n/a","2016","Miscellaneous","Industrial Machinery/Components","https://www.nasdaq.com/symbol/atkr",
"RILY","B. Riley Financial, Inc.","17.85","466367503.35","n/a","n/a","Miscellaneous","Business Services","https://www.nasdaq.com/symbol/rily",
"RILYG","B. Riley Financial, Inc.","24.7683","0","n/a","n/a","Miscellaneous","Business Services","https://www.nasdaq.com/symbol/rilyg",
"RILYH","B. Riley Financial, Inc.","25.564","0","n/a","n/a","Miscellaneous","Business Services","https://www.nasdaq.com/symbol/rilyh",
"RILYI","B. Riley Financial, Inc.","25.0501","0","n/a","n/a","Miscellaneous","Business Services","https://www.nasdaq.com/symbol/rilyi",
"RILYL","B. Riley Financial, Inc.","25.49","0","n/a","n/a","Miscellaneous","Business Services","https://www.nasdaq.com/symbol/rilyl",
"RILYZ","B. Riley Financial, Inc.","25","0","n/a","n/a","Miscellaneous","Business Services","https://www.nasdaq.com/symbol/rilyz",
"BTN","Ballantyne Strong, Inc","3.7081","53555806.4844","n/a","n/a","Miscellaneous","Industrial Machinery/Components","https://www.nasdaq.com/symbol/btn",
"BKNG","Booking Holdings Inc.","1788.03","84881406648.78","n/a","n/a","Miscellaneous","Business Services","https://www.nasdaq.com/symbol/bkng",
"BOXL","Boxlight Corporation","1.7704","17805011.9424","n/a","2017","Miscellaneous","Industrial Machinery/Components","https://www.nasdaq.com/symbol/boxl",
"BFAM","Bright Horizons Family Solutions Inc.","110.35","6401615151.3","n/a","2013","Miscellaneous","Other Consumer Services","https://www.nasdaq.com/symbol/bfam",
"BR","Broadridge Financial Solutions, Inc.","113.3","13199564772.9","n/a","n/a","Miscellaneous","Business Services","https://www.nasdaq.com/symbol/br",
"BSQR","BSQUARE Corporation","2.13","27079563.3","n/a","1999","Miscellaneous","Business Services","https://www.nasdaq.com/symbol/bsqr",
"CAE","CAE Inc","17.51","4667728057.39","n/a","n/a","Miscellaneous","Industrial Machinery/Components","https://www.nasdaq.com/symbol/cae",
"CAJ","Canon, Inc.","27.99","30222288597.24","n/a","n/a","Miscellaneous","Industrial Machinery/Components","https://www.nasdaq.com/symbol/caj",
"CATM","Cardtronics plc","25.57","1178509256.53","n/a","2007","Miscellaneous","Business Services","https://www.nasdaq.com/symbol/catm",
"CASS","Cass Information Systems, Inc","63.54","781187573.88","n/a","n/a","Miscellaneous","Business Services","https://www.nasdaq.com/symbol/cass",
"CBAK","CBAK Energy Technology, Inc.","0.71","18919709.38","n/a","n/a","Miscellaneous","Industrial Machinery/Components","https://www.nasdaq.com/symbol/cbak",
"CBZ","CBIZ, Inc.","22.22","1229280837.4","n/a","n/a","Miscellaneous","Business Services","https://www.nasdaq.com/symbol/cbz",
"CDK","CDK Global, Inc.","56.5","7285135086","n/a","n/a","Miscellaneous","Business Services","https://www.nasdaq.com/symbol/cdk",
"CCRC","China Customer Relations Centers, Inc.","12.67","232236032","n/a","2015","Miscellaneous","Business Services","https://www.nasdaq.com/symbol/ccrc",
"CREG","China Recycling Energy Corporation","1.5989","13287175.5822","n/a","n/a","Miscellaneous","Business Services","https://www.nasdaq.com/symbol/creg",
"CMPR","Cimpress N.V","121.25","3747741348.75","n/a","n/a","Miscellaneous","Publishing","https://www.nasdaq.com/symbol/cmpr",
"CLCT","Collectors Universe, Inc.","14.35","128356114.95","n/a","1999","Miscellaneous","Business Services","https://www.nasdaq.com/symbol/clct",
"SCOR","comScore, Inc.","15.14","891740473.9","n/a","2018","Miscellaneous","Business Services","https://www.nasdaq.com/symbol/scor",
"CNDT","Conduent Incorporated","18.62","3932050495.52","n/a","2016","Miscellaneous","Business Services","https://www.nasdaq.com/symbol/cndt",
"CSGP","CoStar Group, Inc.","348.96","12709048871.52","n/a","1998","Miscellaneous","Business Services","https://www.nasdaq.com/symbol/csgp",
"CRAI","CRA International,Inc.","41.44","334825627.36","n/a","1998","Miscellaneous","Other Consumer Services","https://www.nasdaq.com/symbol/crai",
"CTRP","Ctrip.com International, Ltd.","30.55","14233743331.6","465916312","2003","Miscellaneous","Business Services","https://www.nasdaq.com/symbol/ctrp",
"CTEK","CynergisTek, Inc.","3.97","38176048.01","n/a","2017","Miscellaneous","Business Services","https://www.nasdaq.com/symbol/ctek",
"DHX","DHI Group, Inc.","1.55","83269957.15","n/a","2007","Miscellaneous","Business Services","https://www.nasdaq.com/symbol/dhx",
"DBD","Diebold Nixdorf Incorporated","3.5","266328146","n/a","n/a","Miscellaneous","Office Equipment/Supplies/Services","https://www.nasdaq.com/symbol/dbd",
"APPS","Digital Turbine, Inc.","1.27","97549237.21","n/a","n/a","Miscellaneous","Multi-Sector Companies","https://www.nasdaq.com/symbol/apps",
"DLB","Dolby Laboratories","65.68","6807554598.32","n/a","2005","Miscellaneous","Multi-Sector Companies","https://www.nasdaq.com/symbol/dlb",
"KODK","Eastman Kodak Company","2.3","98145158.4","n/a","n/a","Miscellaneous","Industrial Machinery/Components","https://www.nasdaq.com/symbol/kodk",
"EBAY","eBay Inc.","26.82","26539720567.02","n/a","1998","Miscellaneous","Business Services","https://www.nasdaq.com/symbol/ebay",
"EBAYL","eBay Inc.","25.3","0","n/a","n/a","Miscellaneous","Business Services","https://www.nasdaq.com/symbol/ebayl",
"ESIO","Electro Scientific Industries, Inc.","14.93","509678817.14","n/a","n/a","Miscellaneous","Industrial Machinery/Components","https://www.nasdaq.com/symbol/esio",
"EEX","Emerald Expositions Events, Inc.","13.86","1012503117.78","n/a","2017","Miscellaneous","Business Services","https://www.nasdaq.com/symbol/eex",
"ENR","Energizer Holdings, Inc.","55.96","3344717616.28","n/a","2015","Miscellaneous","Industrial Machinery/Components","https://www.nasdaq.com/symbol/enr",
"ENV","Envestnet, Inc","50.8","2305507403.2","n/a","2010","Miscellaneous","Business Services","https://www.nasdaq.com/symbol/env",
"ETSY","Etsy, Inc.","38.97","4666791284.01","n/a","2015","Miscellaneous","Business Services","https://www.nasdaq.com/symbol/etsy",
"XELA","Exela Technologies, Inc.","5.98","903707891.58","n/a","2015","Miscellaneous","Business Services","https://www.nasdaq.com/symbol/xela",
"EXLS","ExlService Holdings, Inc.","61.27","2107521835.76","n/a","2006","Miscellaneous","Business Services","https://www.nasdaq.com/symbol/exls",
"FICO","Fair Isaac Corporation","187.9","5476220922.3","n/a","n/a","Miscellaneous","Business Services","https://www.nasdaq.com/symbol/fico",
"FTCH","Farfetch Limited","19.55","5577235339","n/a","2018","Miscellaneous","Business Services","https://www.nasdaq.com/symbol/ftch",
"FIS","Fidelity National Information Services, Inc.","99.13","32595993413.62","n/a","n/a","Miscellaneous","Business Services","https://www.nasdaq.com/symbol/fis",
"FNJN","Finjan Holdings, Inc.","3.33","90723052.8","n/a","n/a","Miscellaneous","Multi-Sector Companies","https://www.nasdaq.com/symbol/fnjn",
"FDC","First Data Corporation","18.01","16816478272.54","n/a","2015","Miscellaneous","Business Services","https://www.nasdaq.com/symbol/fdc",
"FLT","FleetCor Technologies, Inc.","183.23","16195433100.35","n/a","2010","Miscellaneous","Business Services","https://www.nasdaq.com/symbol/flt",
"FCEL","FuelCell Energy, Inc.","0.8371","78137257.0429","n/a","n/a","Miscellaneous","Industrial Machinery/Components","https://www.nasdaq.com/symbol/fcel",
"GPN","Global Payments Inc.","108.84","17216907316.68","n/a","n/a","Miscellaneous","Business Services","https://www.nasdaq.com/symbol/gpn",
"GPRO","GoPro, Inc.","6","892746906","n/a","2014","Miscellaneous","Industrial Machinery/Components","https://www.nasdaq.com/symbol/gpro",
"GRVY","GRAVITY Co., Ltd.","23.6","77625214.4","3289204","2005","Miscellaneous","Business Services","https://www.nasdaq.com/symbol/grvy",
"GSKY","GreenSky, Inc.","12.1","2258266608.4","n/a","2018","Miscellaneous","Business Services","https://www.nasdaq.com/symbol/gsky",
"GRUB","GrubHub Inc.","84.44","7638603511.52","n/a","2014","Miscellaneous","Business Services","https://www.nasdaq.com/symbol/grub",
"HQY","HealthEquity, Inc.","84.93","5287846009.11","n/a","2014","Miscellaneous","Business Services","https://www.nasdaq.com/symbol/hqy",
"HPJ","Highpower International Inc","2.37","36876389.46","n/a","n/a","Miscellaneous","Industrial Machinery/Components","https://www.nasdaq.com/symbol/hpj",
"HMSY","HMS Holdings Corp","29.9","2495555121.8","n/a","1992","Miscellaneous","Business Services","https://www.nasdaq.com/symbol/hmsy",
"IIIV","i3 Verticals, Inc.","20.91","549891347.28","n/a","2018","Miscellaneous","Business Services","https://www.nasdaq.com/symbol/iiiv",
"IKNX","Ikonics Corporation","9.9","19637174.7","n/a","n/a","Miscellaneous","Industrial Machinery/Components","https://www.nasdaq.com/symbol/iknx",
"IMAX","Imax Corporation","20.17","1262343322.64","n/a","n/a","Miscellaneous","Industrial Machinery/Components","https://www.nasdaq.com/symbol/imax",
"INWK","InnerWorkings, Inc.","6.9","359980590","n/a","2006","Miscellaneous","Business Services","https://www.nasdaq.com/symbol/inwk",
"ITGR","Integer Holdings Corporation","73.35","2359372652.55","n/a","n/a","Miscellaneous","Industrial Machinery/Components","https://www.nasdaq.com/symbol/itgr",
"IDCC","InterDigital, Inc.","68.81","2395374291.87","n/a","n/a","Miscellaneous","Multi-Sector Companies","https://www.nasdaq.com/symbol/idcc",
"IMXI","International Money Express, Inc.","11.96","285764262.68","n/a","2017","Miscellaneous","Business Services","https://www.nasdaq.com/symbol/imxi",
"IMXIW","International Money Express, Inc.","2.83","0","n/a","2017","Miscellaneous","Business Services","https://www.nasdaq.com/symbol/imxiw",
"ISDR","Issuer Direct Corporation","14.11","43836552.92","n/a","n/a","Miscellaneous","Publishing","https://www.nasdaq.com/symbol/isdr",
"KGJI","Kingold Jewelry Inc.","0.9995","66080445.249","n/a","n/a","Miscellaneous","Business Services","https://www.nasdaq.com/symbol/kgji",
"LC","LendingClub Corporation","3.02","1278195514.96","n/a","2014","Miscellaneous","Business Services","https://www.nasdaq.com/symbol/lc",
"LLNW","Limelight Networks, Inc.","3.79","429038854.56","n/a","2007","Miscellaneous","Business Services","https://www.nasdaq.com/symbol/llnw",
"LQDT","Liquidity Services, Inc.","5.96","191454230.28","n/a","2006","Miscellaneous","Business Services","https://www.nasdaq.com/symbol/lqdt",
"LKSD","LSC Communications, Inc.","8.11","270640577.98","n/a","2016","Miscellaneous","Publishing","https://www.nasdaq.com/symbol/lksd",
"MARA","Marathon Patent Group, Inc.","0.58","13956505.2","n/a","n/a","Miscellaneous","Multi-Sector Companies","https://www.nasdaq.com/symbol/mara",
"MCHX","Marchex, Inc.","2.68","111978407.84","n/a","2004","Miscellaneous","Business Services","https://www.nasdaq.com/symbol/mchx",
"MA","Mastercard Incorporated","191.04","211841218464","n/a","2006","Miscellaneous","Business Services","https://www.nasdaq.com/symbol/ma",
"MMS","Maximus, Inc.","65.58","4212736827.72","n/a","1997","Miscellaneous","Business Services","https://www.nasdaq.com/symbol/mms",
"MXWL","Maxwell Technologies, Inc.","3.02","115227955.04","n/a","n/a","Miscellaneous","Industrial Machinery/Components","https://www.nasdaq.com/symbol/mxwl",
"MELI","MercadoLibre, Inc.","287.34","12975516971.76","n/a","2007","Miscellaneous","Business Services","https://www.nasdaq.com/symbol/meli",
"MGI","Moneygram International, Inc.","4.26","237188484.48","n/a","n/a","Miscellaneous","Business Services","https://www.nasdaq.com/symbol/mgi",
"MSCI","MSCI Inc","143","12703104557","n/a","n/a","Miscellaneous","Business Services","https://www.nasdaq.com/symbol/msci",
"LABL","Multi-Color Corporation","51.35","1052506931.45","n/a","1987","Miscellaneous","Publishing","https://www.nasdaq.com/symbol/labl",
"NCR","NCR Corporation","23.81","2807199000","n/a","n/a","Miscellaneous","Office Equipment/Supplies/Services","https://www.nasdaq.com/symbol/ncr",
"NTES","NetEase, Inc.","197.11","15045531859.07","76330637","n/a","Miscellaneous","Business Services","https://www.nasdaq.com/symbol/ntes",
"NTIP","Network-1 Technologies, Inc.","2.73","65072050.68","n/a","n/a","Miscellaneous","Multi-Sector Companies","https://www.nasdaq.com/symbol/ntip",
"EGOV","NIC Inc.","13.59","904548483.81","n/a","1999","Miscellaneous","Business Services","https://www.nasdaq.com/symbol/egov",
"NLSN","Nielsen N.V.","24.86","8824885335.2","n/a","2011","Miscellaneous","Business Services","https://www.nasdaq.com/symbol/nlsn",
"NOVT","Novanta Inc.","56.42","1955340605.4","n/a","n/a","Miscellaneous","Industrial Machinery/Components","https://www.nasdaq.com/symbol/novt",
"OPRX","OptimizeRx Corporation","16.14","187829992.44","n/a","n/a","Miscellaneous","Business Services","https://www.nasdaq.com/symbol/oprx",
"PAR","PAR Technology Corporation","17.68","286160135.04","n/a","n/a","Miscellaneous","Office Equipment/Supplies/Services","https://www.nasdaq.com/symbol/par",
"PYPL","PayPal Holdings, Inc.","81.15","95623839991.2","n/a","n/a","Miscellaneous","Business Services","https://www.nasdaq.com/symbol/pypl",
"PFSW","PFSweb, Inc.","7.06","135962129.52","n/a","1999","Miscellaneous","Business Services","https://www.nasdaq.com/symbol/pfsw",
"PDD","Pinduoduo Inc.","17.37","1486872000","85600000","2018","Miscellaneous","Business Services","https://www.nasdaq.com/symbol/pdd",
"PBI","Pitney Bowes Inc.","6.52","1225901366.64","n/a","n/a","Miscellaneous","Office Equipment/Supplies/Services","https://www.nasdaq.com/symbol/pbi",
"PCOM","Points International, Ltd.","12.07","171661736.74","n/a","n/a","Miscellaneous","Business Services","https://www.nasdaq.com/symbol/pcom",
"POLA","Polar Power, Inc.","5.61","56903116.38","n/a","2016","Miscellaneous","Industrial Machinery/Components","https://www.nasdaq.com/symbol/pola",
"PRTH","Priority Technology Holdings, Inc.","10.25","685283901.5","n/a","2016","Miscellaneous","Business Services","https://www.nasdaq.com/symbol/prth",
"PRTHU","Priority Technology Holdings, Inc.","10.82","0","n/a","2016","Miscellaneous","Business Services","https://www.nasdaq.com/symbol/prthu",
"PRTHW","Priority Technology Holdings, Inc.","1.4201","0","n/a","2016","Miscellaneous","Business Services","https://www.nasdaq.com/symbol/prthw",
"QIWI","QIWI plc","12.8","576303449.6","45023707","2013","Miscellaneous","Business Services","https://www.nasdaq.com/symbol/qiwi",
"QUAD","Quad Graphics, Inc","17.62","910525587.32","n/a","n/a","Miscellaneous","Publishing","https://www.nasdaq.com/symbol/quad",
"QTRH","Quarterhill Inc.","1.28","152086356.48","n/a","n/a","Miscellaneous","Multi-Sector Companies","https://www.nasdaq.com/symbol/qtrh",
"QNST","QuinStreet, Inc.","13.35","655193596.2","n/a","2010","Miscellaneous","Business Services","https://www.nasdaq.com/symbol/qnst",
"RRD","R.R. Donnelley & Sons Company","4.48","315392000","n/a","n/a","Miscellaneous","Publishing","https://www.nasdaq.com/symbol/rrd",
"RDWR","Radware Ltd.","22.78","1014756399.3","n/a","1999","Miscellaneous","Business Services","https://www.nasdaq.com/symbol/rdwr",
"REFR","Research Frontiers Incorporated","1.38","38097183.9","n/a","n/a","Miscellaneous","Multi-Sector Companies","https://www.nasdaq.com/symbol/refr",
"RECN","Resources Connection, Inc.","16.44","518568054.36","n/a","2000","Miscellaneous","Business Services","https://www.nasdaq.com/symbol/recn",
"RMNI","Rimini Street, Inc.","6.59","415220466.22","n/a","2015","Miscellaneous","Business Services","https://www.nasdaq.com/symbol/rmni",
"RBA","Ritchie Bros. Auctioneers Incorporated","32.09","3481809926","n/a","n/a","Miscellaneous","Business Services","https://www.nasdaq.com/symbol/rba",
"SREV","ServiceSource International, Inc.","1.32","121230149.04","n/a","2011","Miscellaneous","Business Services","https://www.nasdaq.com/symbol/srev",
"SFLY","Shutterfly, Inc.","59.11","1976784106.15","n/a","2006","Miscellaneous","Other Consumer Services","https://www.nasdaq.com/symbol/sfly",
"SSNT","SilverSun Technologies, Inc.","3.5276","15880390.938","n/a","n/a","Miscellaneous","Business Services","https://www.nasdaq.com/symbol/ssnt",
"SITO","SITO Mobile, Ltd.","1.22","31033793.92","n/a","n/a","Miscellaneous","Business Services","https://www.nasdaq.com/symbol/sito",
"BID","Sotheby&#39;s","40.69","2100150303.94","n/a","1988","Miscellaneous","Business Services","https://www.nasdaq.com/symbol/bid",
"SGRP","SPAR Group, Inc.","0.9201","19000712.7504","n/a","n/a","Miscellaneous","Business Services","https://www.nasdaq.com/symbol/sgrp",
"SPB           ","Spectrum Brands Holdings, Inc.","63.31","3381306759.61","n/a","n/a","Miscellaneous","Industrial Machinery/Components","https://www.nasdaq.com/symbol/spb",
"SPEX","Spherix Incorporated","0.85","7261150.5","n/a","n/a","Miscellaneous","Multi-Sector Companies","https://www.nasdaq.com/symbol/spex",
"STMP","Stamps.com Inc.","185.08","3360075947.76","n/a","1999","Miscellaneous","Business Services","https://www.nasdaq.com/symbol/stmp",
"STCN","Steel Connect, Inc.","1.87","113582117","n/a","n/a","Miscellaneous","Business Services","https://www.nasdaq.com/symbol/stcn",
"TRHC","Tabula Rasa HealthCare, Inc.","68.74","1401060879.68","n/a","2016","Miscellaneous","Business Services","https://www.nasdaq.com/symbol/trhc",
"TTGT","TechTarget, Inc.","19.7","543340853.8","n/a","2007","Miscellaneous","Business Services","https://www.nasdaq.com/symbol/ttgt",
"JYNT","The Joint Corp.","7.42","101846875.48","n/a","2014","Miscellaneous","Multi-Sector Companies","https://www.nasdaq.com/symbol/jynt",
"NCTY","The9 Limited","1.78","15833710.54","8895343","2004","Miscellaneous","Business Services","https://www.nasdaq.com/symbol/ncty",
"TIVO","TiVo Corporation","10.65","1318214400","n/a","n/a","Miscellaneous","Multi-Sector Companies","https://www.nasdaq.com/symbol/tivo",
"TSS","Total System Services, Inc.","89.27","16284458252.26","n/a","n/a","Miscellaneous","Business Services","https://www.nasdaq.com/symbol/tss",
"TNET","TriNet Group, Inc.","46.42","3274961497.94","n/a","2014","Miscellaneous","Business Services","https://www.nasdaq.com/symbol/tnet",
"ULBI","Ultralife Corporation","6.69","106677248.13","n/a","1992","Miscellaneous","Industrial Machinery/Components","https://www.nasdaq.com/symbol/ulbi",
"USAT","USA Technologies, Inc.","5.59","300017910.53","n/a","n/a","Miscellaneous","Office Equipment/Supplies/Services","https://www.nasdaq.com/symbol/usat",
"USATP","USA Technologies, Inc.","20.8932","9298790.2716","n/a","n/a","Miscellaneous","Office Equipment/Supplies/Services","https://www.nasdaq.com/symbol/usatp",
"UXIN","Uxin Limited","5.13","128250000","25000000","2018","Miscellaneous","Business Services","https://www.nasdaq.com/symbol/uxin",
"VVI","Viad Corp","46.89","953064429.93","n/a","n/a","Miscellaneous","Business Services","https://www.nasdaq.com/symbol/vvi",
"VHC","VirnetX Holding Corp","3.42","214168351.5","n/a","n/a","Miscellaneous","Multi-Sector Companies","https://www.nasdaq.com/symbol/vhc",
"V","Visa Inc.","134.33","306813829154.7","n/a","n/a","Miscellaneous","Business Services","https://www.nasdaq.com/symbol/v",
"WAGE","WageWorks, Inc.","40.04","1587046901.44","n/a","2012","Miscellaneous","Business Services","https://www.nasdaq.com/symbol/wage",
"WU","Western Union Company (The)","17.59","7867138968.68","n/a","n/a","Miscellaneous","Business Services","https://www.nasdaq.com/symbol/wu",
"WEX","WEX Inc.","167.78","7229900762.34","n/a","n/a","Miscellaneous","Business Services","https://www.nasdaq.com/symbol/wex",
"WNS","WNS (Holdings) Limited","48.9","2441772893.4","n/a","2006","Miscellaneous","Business Services","https://www.nasdaq.com/symbol/wns",
"WP","Worldpay, Inc.","86.52","26995805492.88","n/a","2012","Miscellaneous","Business Services","https://www.nasdaq.com/symbol/wp",
"XELB","Xcel Brands, Inc","2.15","39272334.3","n/a","n/a","Miscellaneous","Multi-Sector Companies","https://www.nasdaq.com/symbol/xelb",
"Z","Zillow Group, Inc.","37.06","7494643725.88","n/a","n/a","Miscellaneous","Business Services","https://www.nasdaq.com/symbol/z",
"ZG","Zillow Group, Inc.","37.19","7520933625.62","n/a","2011","Miscellaneous","Business Services","https://www.nasdaq.com/symbol/zg",
