"Symbol","Name","LastSale","MarketCap","ADR TSO","IPOyear","Sector","Industry","Summary Quote",
"XXII","22nd Century Group, Inc","2.36","293524808.84","n/a","n/a","Consumer Non-Durables","Farming/Seeds/Milling","https://www.nasdaq.com/symbol/xxii",
"GOLF","Acushnet Holdings Corp.","23.42","1750861049.5","n/a","2016","Consumer Non-Durables","Recreational Products/Toys","https://www.nasdaq.com/symbol/golf",
"AGRO","Adecoagro S.A.","7.68","895144181.76","n/a","2011","Consumer Non-Durables","Farming/Seeds/Milling","https://www.nasdaq.com/symbol/agro",
"ALCO","Alico, Inc.","33.44","274206562.08","n/a","n/a","Consumer Non-Durables","Farming/Seeds/Milling","https://www.nasdaq.com/symbol/alco",
"MO","Altria Group","64.59","121367547617.79","n/a","n/a","Consumer Non-Durables","Farming/Seeds/Milling","https://www.nasdaq.com/symbol/mo",
"AMAL","Amalgamated Bank","18.77","596352631.68","n/a","2018","Consumer Non-Durables","Textiles","https://www.nasdaq.com/symbol/amal",
"ABEV","Ambev S.A.","4.12","64767126763.88","n/a","2013","Consumer Non-Durables","Beverages (Production/Distribution)","https://www.nasdaq.com/symbol/abev",
"DIT","AMCON Distributing Company","84","51742992","n/a","n/a","Consumer Non-Durables","Food Distributors","https://www.nasdaq.com/symbol/dit",
"ANFI","Amira Nature Foods Ltd","0.64","24264623.36","n/a","2012","Consumer Non-Durables","Packaged Foods","https://www.nasdaq.com/symbol/anfi",
"BUD","Anheuser-Busch Inbev SA","74.86","146463590000","n/a","n/a","Consumer Non-Durables","Beverages (Production/Distribution)","https://www.nasdaq.com/symbol/bud",
"AXE","Anixter International Inc.","64.48","2158909430.08","n/a","n/a","Consumer Non-Durables","Telecommunications Equipment","https://www.nasdaq.com/symbol/axe",
"ATR","AptarGroup, Inc.","100.16","6228265706.24","n/a","n/a","Consumer Non-Durables","Plastic Products","https://www.nasdaq.com/symbol/atr",
"ADM","Archer-Daniels-Midland Company","47.01","26313255079.98","n/a","n/a","Consumer Non-Durables","Packaged Foods","https://www.nasdaq.com/symbol/adm",
"FUV","Arcimoto, Inc.","3.4","54379103.6","n/a","2017","Consumer Non-Durables","Motor Vehicles","https://www.nasdaq.com/symbol/fuv",
"ARLO","Arlo Technologies, Inc.","13.08","971154030","n/a","2018","Consumer Non-Durables","Consumer Electronics/Appliances","https://www.nasdaq.com/symbol/arlo",
"AFI","Armstrong Flooring, Inc.","14.78","380913559.4","n/a","2016","Consumer Non-Durables","Plastic Products","https://www.nasdaq.com/symbol/afi",
"AWI","Armstrong World Industries Inc","57.99","2995973729.73","n/a","n/a","Consumer Non-Durables","Plastic Products","https://www.nasdaq.com/symbol/awi",
"ARW","Arrow Electronics, Inc.","64.86","5668044832.32","n/a","n/a","Consumer Non-Durables","Electronic Components","https://www.nasdaq.com/symbol/arw",
"AVT","Avnet, Inc.","38.23","4361452728.8","n/a","n/a","Consumer Non-Durables","Electronic Components","https://www.nasdaq.com/symbol/avt",
"AVP","Avon Products, Inc.","1.85","818338013.2","n/a","n/a","Consumer Non-Durables","Package Goods/Cosmetics","https://www.nasdaq.com/symbol/avp",
"BGS","B&G Foods, Inc.","26.68","1759073523.88","n/a","n/a","Consumer Non-Durables","Packaged Foods","https://www.nasdaq.com/symbol/bgs",
"BERY","Berry Global Group, Inc.","41.65","5489470000","n/a","2012","Consumer Non-Durables","Plastic Products","https://www.nasdaq.com/symbol/bery",
"SAM","Boston Beer Company, Inc. (The)","293.79","3413943214.08","n/a","n/a","Consumer Non-Durables","Beverages (Production/Distribution)","https://www.nasdaq.com/symbol/sam",
"LND","Brasilagro Cia Brasileira De Propriedades Agricolas","3.84","206600325.12","n/a","n/a","Consumer Non-Durables","Farming/Seeds/Milling","https://www.nasdaq.com/symbol/lnd",
"BRFS","BRF S.A.","5.48","4446141254.6","n/a","n/a","Consumer Non-Durables","Meat/Poultry/Fish","https://www.nasdaq.com/symbol/brfs",
"BRID","Bridgford Foods Corporation","16.7","151583094.4","n/a","n/a","Consumer Non-Durables","Specialty Foods","https://www.nasdaq.com/symbol/brid",
"BV","BrightView Holdings, Inc.","13.57","1389910086.13","n/a","2018","Consumer Non-Durables","Farming/Seeds/Milling","https://www.nasdaq.com/symbol/bv",
"BTI","British American Tobacco p.l.c.","45.36","104044367004.48","n/a","n/a","Consumer Non-Durables","Farming/Seeds/Milling","https://www.nasdaq.com/symbol/bti",
"BG","Bunge Limited","65.77","9278204943.44","n/a","2001","Consumer Non-Durables","Packaged Foods","https://www.nasdaq.com/symbol/bg",
"CVGW","Calavo Growers, Inc.","100.32","1762383237.12","n/a","n/a","Consumer Non-Durables","Farming/Seeds/Milling","https://www.nasdaq.com/symbol/cvgw",
"CAL","Caleres, Inc.","33.73","1457113906.85","n/a","n/a","Consumer Non-Durables","Shoe Manufacturing","https://www.nasdaq.com/symbol/cal",
"ELY","Callaway Golf Company","21.09","1991738271.33","n/a","1992","Consumer Non-Durables","Recreational Products/Toys","https://www.nasdaq.com/symbol/ely",
"CALM","Cal-Maine Foods, Inc.","47.38","2304010843.96","n/a","1996","Consumer Non-Durables","Farming/Seeds/Milling","https://www.nasdaq.com/symbol/calm",
"CPB","Campbell Soup Company","37.59","11301663889.11","n/a","n/a","Consumer Non-Durables","Packaged Foods","https://www.nasdaq.com/symbol/cpb",
"GOOS","Canada Goose Holdings Inc.","48.09","2338698837.72","n/a","2017","Consumer Non-Durables","Apparel","https://www.nasdaq.com/symbol/goos",
"CSWC","Capital Southwest Corporation","18.69","304519795.86","n/a","n/a","Consumer Non-Durables","Textiles","https://www.nasdaq.com/symbol/cswc",
"CSWCL","Capital Southwest Corporation","25.625","0","n/a","n/a","Consumer Non-Durables","Textiles","https://www.nasdaq.com/symbol/cswcl",
"CRI","Carter&#39;s, Inc.","96.49","4423961132.92","n/a","2003","Consumer Non-Durables","Apparel","https://www.nasdaq.com/symbol/cri",
"ROX","Castle Brands, Inc.","0.9399","158350405.3599","n/a","2006","Consumer Non-Durables","Beverages (Production/Distribution)","https://www.nasdaq.com/symbol/rox",
"CAW","CCA Industries, Inc.","2.8","20878715.2","n/a","n/a","Consumer Non-Durables","Package Goods/Cosmetics","https://www.nasdaq.com/symbol/caw",
"CELH","Celsius Holdings, Inc.","3.95","201936446.45","n/a","n/a","Consumer Non-Durables","Beverages (Production/Distribution)","https://www.nasdaq.com/symbol/celh",
"CHKE","Cherokee Inc.","0.595","8356993.96","n/a","n/a","Consumer Non-Durables","Apparel","https://www.nasdaq.com/symbol/chke",
"BORN","China New Borun Corporation","1.1901","30615322.5","n/a","2010","Consumer Non-Durables","Beverages (Production/Distribution)","https://www.nasdaq.com/symbol/born",
"CTAS","Cintas Corporation","171.9","18375379081.2","n/a","1983","Consumer Non-Durables","Apparel","https://www.nasdaq.com/symbol/ctas",
"CLAR","Clarus Corporation","9.24","273818418.72","n/a","n/a","Consumer Non-Durables","Recreational Products/Toys","https://www.nasdaq.com/symbol/clar",
"KOF","Coca Cola Femsa S.A.B. de C.V.","57.04","11982963200","n/a","1993","Consumer Non-Durables","Beverages (Production/Distribution)","https://www.nasdaq.com/symbol/kof",
"COKE","Coca-Cola Bottling Co. Consolidated","168.25","1573888736.25","n/a","1972","Consumer Non-Durables","Beverages (Production/Distribution)","https://www.nasdaq.com/symbol/coke",
"KO","Coca-Cola Company (The)","46.46","197590776887.62","n/a","n/a","Consumer Non-Durables","Beverages (Production/Distribution)","https://www.nasdaq.com/symbol/ko",
"CCE","Coca-Cola European Partners plc","44.38","21337053457.3","n/a","2016","Consumer Non-Durables","Beverages (Production/Distribution)","https://www.nasdaq.com/symbol/cce",
"JVA","Coffee Holding Co., Inc.","4.48","25181036.16","n/a","2005","Consumer Non-Durables","Food Distributors","https://www.nasdaq.com/symbol/jva",
"CL","Colgate-Palmolive Company","57.88","50200476911.72","n/a","n/a","Consumer Non-Durables","Package Goods/Cosmetics","https://www.nasdaq.com/symbol/cl",
"COLM","Columbia Sportswear Company","89.8","6246703879.2","n/a","1998","Consumer Non-Durables","Apparel","https://www.nasdaq.com/symbol/colm",
"CCU","Compania Cervecerias Unidas, S.A.","24.8","4581835612.8","n/a","n/a","Consumer Non-Durables","Beverages (Production/Distribution)","https://www.nasdaq.com/symbol/ccu",
"CAG","ConAgra Brands, Inc.","35.96","14677510698.24","n/a","n/a","Consumer Non-Durables","Packaged Foods","https://www.nasdaq.com/symbol/cag",
"STZ","Constellation Brands Inc","202.75","38413881148","n/a","n/a","Consumer Non-Durables","Beverages (Production/Distribution)","https://www.nasdaq.com/symbol/stz",
"AWSM","Cool Holdings Inc.","3.54","25214510.22","n/a","n/a","Consumer Non-Durables","Electronic Components","https://www.nasdaq.com/symbol/awsm",
"CMT","Core Molding Technologies Inc","6.97","55693387.71","n/a","n/a","Consumer Non-Durables","Plastic Products","https://www.nasdaq.com/symbol/cmt",
"CORE","Core-Mark Holding Company, Inc.","38.68","1776716715.08","n/a","n/a","Consumer Non-Durables","Food Distributors","https://www.nasdaq.com/symbol/core",
"CZZ","Cosan Limited","8.13","1989213538.56","n/a","n/a","Consumer Non-Durables","Specialty Foods","https://www.nasdaq.com/symbol/czz",
"COT","Cott Corporation","14.46","1997006860.32","n/a","n/a","Consumer Non-Durables","Beverages (Production/Distribution)","https://www.nasdaq.com/symbol/cot",
"COTY","Coty Inc.","9.81","7365387455.82","n/a","2013","Consumer Non-Durables","Package Goods/Cosmetics","https://www.nasdaq.com/symbol/coty",
"BREW","Craft Brew Alliance, Inc.","18.03","349107678","n/a","n/a","Consumer Non-Durables","Beverages (Production/Distribution)","https://www.nasdaq.com/symbol/brew",
"CROX","Crocs, Inc.","20.06","1365971698.12","n/a","2006","Consumer Non-Durables","Shoe Manufacturing","https://www.nasdaq.com/symbol/crox",
"CUI","CUI Global, Inc.","1.7046","48631566.3876","n/a","n/a","Consumer Non-Durables","Electronic Components","https://www.nasdaq.com/symbol/cui",
"DAR","Darling Ingredients Inc.","19.85","3268409511.35","n/a","n/a","Consumer Non-Durables","Packaged Foods","https://www.nasdaq.com/symbol/dar",
"DTEA","DAVIDsTEA Inc.","2.05","53293089.45","n/a","2015","Consumer Non-Durables","Food Chains","https://www.nasdaq.com/symbol/dtea",
"DF","Dean Foods Company","7.81","713634251.44","n/a","n/a","Consumer Non-Durables","Packaged Foods","https://www.nasdaq.com/symbol/df",
"DECK","Deckers Outdoor Corporation","121.76","3661815719.2","n/a","1993","Consumer Non-Durables","Shoe Manufacturing","https://www.nasdaq.com/symbol/deck",
"DLA","Delta Apparel, Inc.","18.5","130982534.5","n/a","n/a","Consumer Non-Durables","Apparel","https://www.nasdaq.com/symbol/dla",
"DSWL","Deswell Industries, Inc.","3.2","50832764.8","n/a","1995","Consumer Non-Durables","Plastic Products","https://www.nasdaq.com/symbol/dswl",
"DEO","Diageo plc","136.8","83561789145.6","n/a","n/a","Consumer Non-Durables","Beverages (Production/Distribution)","https://www.nasdaq.com/symbol/deo",
"DFBG","Differential Brands Group Inc.","4.215","59345008.2","n/a","n/a","Consumer Non-Durables","Apparel","https://www.nasdaq.com/symbol/dfbg",
"DPZ","Domino&#39;s Pizza Inc","256.49","10668612547.97","n/a","2004","Consumer Non-Durables","Food Distributors","https://www.nasdaq.com/symbol/dpz",
"DXF","Dunxin Financial Holdings Limited","3.78","78749998.74","n/a","n/a","Consumer Non-Durables","Apparel","https://www.nasdaq.com/symbol/dxf",
"ELF","e.l.f. Beauty, Inc.","10.24","487236423.68","n/a","2016","Consumer Non-Durables","Package Goods/Cosmetics","https://www.nasdaq.com/symbol/elf",
"EAST","Eastside Distilling, Inc.","7.85","50351744.75","n/a","n/a","Consumer Non-Durables","Beverages (Production/Distribution)","https://www.nasdaq.com/symbol/east",
"EDNT","Edison Nation, Inc.","5.99","26283640.8","n/a","2018","Consumer Non-Durables","Recreational Products/Toys","https://www.nasdaq.com/symbol/ednt",
"MSN","Emerson Radio Corporation","1.46","32817131.02","n/a","n/a","Consumer Non-Durables","Consumer Electronics/Appliances","https://www.nasdaq.com/symbol/msn",
"EPC","Energizer Holdings, Inc.","45.76","2472888063.36","n/a","n/a","Consumer Non-Durables","Package Goods/Cosmetics","https://www.nasdaq.com/symbol/epc",
"ENS","Enersys","73.15","3081213985.85","n/a","2004","Consumer Non-Durables","Telecommunications Equipment","https://www.nasdaq.com/symbol/ens",
"ENTG","Entegris, Inc.","25.52","3606769187.12","n/a","2000","Consumer Non-Durables","Plastic Products","https://www.nasdaq.com/symbol/entg",
"ESCA","Escalade, Incorporated","11.3","163168881.2","n/a","n/a","Consumer Non-Durables","Recreational Products/Toys","https://www.nasdaq.com/symbol/esca",
"EL","Estee Lauder Companies, Inc. (The)","126.46","46339880366.1","n/a","1995","Consumer Non-Durables","Package Goods/Cosmetics","https://www.nasdaq.com/symbol/el",
"EVK","Ever-Glory International Group, Inc.","3.8999","57702889.2008","n/a","n/a","Consumer Non-Durables","Apparel","https://www.nasdaq.com/symbol/evk",
"FARM","Farmer Brothers Company","24.58","417311890.58","n/a","n/a","Consumer Non-Durables","Packaged Foods","https://www.nasdaq.com/symbol/farm",
"FAMI","FARMMI, INC.","5.65","65992000","n/a","2018","Consumer Non-Durables","Packaged Foods","https://www.nasdaq.com/symbol/fami",
"FLO","Flowers Foods, Inc.","19.39","4089029397.46","n/a","n/a","Consumer Non-Durables","Packaged Foods","https://www.nasdaq.com/symbol/flo",
"FMX","Fomento Economico Mexicano S.A.B. de C.V.","86.96","155581278219.6","n/a","n/a","Consumer Non-Durables","Beverages (Production/Distribution)","https://www.nasdaq.com/symbol/fmx",
"FORD","Forward Industries, Inc.","1.45","13824082.5","n/a","n/a","Consumer Non-Durables","Plastic Products","https://www.nasdaq.com/symbol/ford",
"FOSL","Fossil Group, Inc.","21.79","1076192607.31","n/a","1993","Consumer Non-Durables","Consumer Specialties","https://www.nasdaq.com/symbol/fosl",
"FOXF","Fox Factory Holding Corp.","50.66","1916079085.82","n/a","2013","Consumer Non-Durables","Motor Vehicles","https://www.nasdaq.com/symbol/foxf",
"FDP","Fresh Del Monte Produce, Inc.","32.08","1564840168.56","n/a","1997","Consumer Non-Durables","Farming/Seeds/Milling","https://www.nasdaq.com/symbol/fdp",
"FRPT","Freshpet, Inc.","38.51","1359897506.91","n/a","2014","Consumer Non-Durables","Packaged Foods","https://www.nasdaq.com/symbol/frpt",
"FORK","Fuling Global Inc.","3.65","57597748.25","n/a","2015","Consumer Non-Durables","Plastic Products","https://www.nasdaq.com/symbol/fork",
"FNKO","Funko, Inc.","18.02","870750186.4","n/a","2017","Consumer Non-Durables","Recreational Products/Toys","https://www.nasdaq.com/symbol/fnko",
"FTFT","Future FinTech Group Inc.","1.25","32521353.75","n/a","n/a","Consumer Non-Durables","Packaged Foods","https://www.nasdaq.com/symbol/ftft",
"WILC","G. Willi-Food International,  Ltd.","6.7","88714117.1","n/a","n/a","Consumer Non-Durables","Food Distributors","https://www.nasdaq.com/symbol/wilc",
"GPIC","Gaming Partners International Corporation","8.31","66102086.13","n/a","n/a","Consumer Non-Durables","Recreational Products/Toys","https://www.nasdaq.com/symbol/gpic",
"GIS","General Mills, Inc.","44.14","26317589198.48","n/a","n/a","Consumer Non-Durables","Packaged Foods","https://www.nasdaq.com/symbol/gis",
"GIII","G-III Apparel Group, LTD.","37.21","1829951445.83","n/a","1989","Consumer Non-Durables","Apparel","https://www.nasdaq.com/symbol/giii",
"GIL","Gildan Activewear, Inc.","29.73","6163722690.09","n/a","1998","Consumer Non-Durables","Apparel","https://www.nasdaq.com/symbol/gil",
"GLAD","Gladstone Capital Corporation","9.08","252432162.92","n/a","2001","Consumer Non-Durables","Textiles","https://www.nasdaq.com/symbol/glad",
"GLADN","Gladstone Capital Corporation","25.669","0","n/a","n/a","Consumer Non-Durables","Textiles","https://www.nasdaq.com/symbol/gladn",
"GNC","GNC Holdings, Inc.","3.52","295289058.24","n/a","2011","Consumer Non-Durables","Food Chains","https://www.nasdaq.com/symbol/gnc",
"GES","Guess?, Inc.","21.21","1718549221.83","n/a","1996","Consumer Non-Durables","Apparel","https://www.nasdaq.com/symbol/ges",
"HOG","Harley-Davidson, Inc.","36.52","6082569719.16","n/a","n/a","Consumer Non-Durables","Motor Vehicles","https://www.nasdaq.com/symbol/hog",
"HAS","Hasbro, Inc.","92.03","11682193777.22","n/a","n/a","Consumer Non-Durables","Recreational Products/Toys","https://www.nasdaq.com/symbol/has",
"HSY","Hershey Company (The)","106","22187147472","n/a","n/a","Consumer Non-Durables","Specialty Foods","https://www.nasdaq.com/symbol/hsy",
"HFFG","HF Foods Group Inc.","13.5","27041283","n/a","2017","Consumer Non-Durables","Food Distributors","https://www.nasdaq.com/symbol/hffg",
"HRL","Hormel Foods Corporation","42.68","22753472142.72","n/a","n/a","Consumer Non-Durables","Meat/Poultry/Fish","https://www.nasdaq.com/symbol/hrl",
"TWNK","Hostess Brands, Inc.","9.95","1295238135.65","n/a","2015","Consumer Non-Durables","Packaged Foods","https://www.nasdaq.com/symbol/twnk",
"TWNKW","Hostess Brands, Inc.","0.8224","0","n/a","2015","Consumer Non-Durables","Packaged Foods","https://www.nasdaq.com/symbol/twnkw",
"HWCC","Houston Wire & Cable Company","6.03","99654427.17","n/a","2006","Consumer Non-Durables","Telecommunications Equipment","https://www.nasdaq.com/symbol/hwcc",
"ICON","Iconix Brand Group, Inc.","0.1852","12657255.2772","n/a","n/a","Consumer Non-Durables","Shoe Manufacturing","https://www.nasdaq.com/symbol/icon",
"IBA","Industrias Bachoco, S.A. de C.V.","44.72","2236000000","n/a","1997","Consumer Non-Durables","Meat/Poultry/Fish","https://www.nasdaq.com/symbol/iba",
"INGR","Ingredion Incorporated","98.43","6991202669.79","n/a","n/a","Consumer Non-Durables","Packaged Foods","https://www.nasdaq.com/symbol/ingr",
"IMTE","Integrated Media Technology Limited","6.6253","17514715.9583","n/a","n/a","Consumer Non-Durables","Consumer Electronics/Appliances","https://www.nasdaq.com/symbol/imte",
"IPAR","Inter Parfums, Inc.","58.39","1828809425.27","n/a","n/a","Consumer Non-Durables","Package Goods/Cosmetics","https://www.nasdaq.com/symbol/ipar",
"ITRN","Ituran Location and Control Ltd.","33.51","702660667.86","n/a","2005","Consumer Non-Durables","Electronic Components","https://www.nasdaq.com/symbol/itrn",
"JJSF","J & J Snack Foods Corp.","157.39","2945733274.6","n/a","1986","Consumer Non-Durables","Specialty Foods","https://www.nasdaq.com/symbol/jjsf",
"JILL","J. Jill, Inc.","4.97","217426352.29","n/a","2017","Consumer Non-Durables","Apparel","https://www.nasdaq.com/symbol/jill",
"SJM","J.M. Smucker Company (The)","107.71","12250672587.6","n/a","n/a","Consumer Non-Durables","Packaged Foods","https://www.nasdaq.com/symbol/sjm",
"JAKK","JAKKS Pacific, Inc.","2.47","72049685.11","n/a","1996","Consumer Non-Durables","Recreational Products/Toys","https://www.nasdaq.com/symbol/jakk",
"JEF","Jefferies Financial Group Inc.","20.58","6859974494.52","n/a","n/a","Consumer Non-Durables","Meat/Poultry/Fish","https://www.nasdaq.com/symbol/jef",
"JRSH","Jerash Holdings (US), Inc.","5.86","66364500","n/a","2018","Consumer Non-Durables","Apparel","https://www.nasdaq.com/symbol/jrsh",
"JBSS","John B. Sanfilippo & Son, Inc.","73.41","832836523.41","n/a","1991","Consumer Non-Durables","Specialty Foods","https://www.nasdaq.com/symbol/jbss",
"JOUT","Johnson Outdoors Inc.","74.52","750170558.52","n/a","n/a","Consumer Non-Durables","Recreational Products/Toys","https://www.nasdaq.com/symbol/jout",
"KBSF","KBS Fashion Group Limited","3.84","8473885.44","n/a","2013","Consumer Non-Durables","Apparel","https://www.nasdaq.com/symbol/kbsf",
"K","Kellogg Company","70.29","24367620779.37","n/a","n/a","Consumer Non-Durables","Packaged Foods","https://www.nasdaq.com/symbol/k",
"KDP","Keurig Dr Pepper Inc.","24.27","33704561147.01","n/a","n/a","Consumer Non-Durables","Beverages (Production/Distribution)","https://www.nasdaq.com/symbol/kdp",
"KN","Knowles Corporation","15","1352714400","n/a","2014","Consumer Non-Durables","Consumer Electronics/Appliances","https://www.nasdaq.com/symbol/kn",
"KOSS","Koss Corporation","2.68","19785652.08","n/a","n/a","Consumer Non-Durables","Consumer Electronics/Appliances","https://www.nasdaq.com/symbol/koss",
"LW","Lamb Weston Holdings, Inc.","77.2","11306297822","n/a","2016","Consumer Non-Durables","Packaged Foods","https://www.nasdaq.com/symbol/lw",
"LANC","Lancaster Colony Corporation","170.62","4689980208.78","n/a","n/a","Consumer Non-Durables","Packaged Foods","https://www.nasdaq.com/symbol/lanc",
"LNDC","Landec Corporation","13.56","376280236.8","n/a","1996","Consumer Non-Durables","Packaged Foods","https://www.nasdaq.com/symbol/lndc",
"LEVB","Level Brands, Inc.","3.56","28903383.68","n/a","2017","Consumer Non-Durables","Package Goods/Cosmetics","https://www.nasdaq.com/symbol/levb",
"LWAY","Lifeway Foods, Inc.","2.84","45097470.44","n/a","n/a","Consumer Non-Durables","Packaged Foods","https://www.nasdaq.com/symbol/lway",
"LMNR","Limoneira Co","24.96","441026077.44","n/a","n/a","Consumer Non-Durables","Farming/Seeds/Milling","https://www.nasdaq.com/symbol/lmnr",
"YVR","Liquid Media Group Ltd.","3.77","10175150.83","n/a","n/a","Consumer Non-Durables","Beverages (Production/Distribution)","https://www.nasdaq.com/symbol/yvr",
"LRAD","LRAD Corporation","2.9","95516490.9","n/a","n/a","Consumer Non-Durables","Consumer Electronics/Appliances","https://www.nasdaq.com/symbol/lrad",
"LULU","lululemon athletica inc.","135.88","17986567947.12","n/a","2007","Consumer Non-Durables","Apparel","https://www.nasdaq.com/symbol/lulu",
"MAT","Mattel, Inc.","13.34","4604311498.58","n/a","n/a","Consumer Non-Durables","Recreational Products/Toys","https://www.nasdaq.com/symbol/mat",
"MKC","McCormick & Company, Incorporated","140.43","18489743333.85","n/a","n/a","Consumer Non-Durables","Packaged Foods","https://www.nasdaq.com/symbol/mkc",
"MKC.V","McCormick & Company, Incorporated","n/a","0","n/a","n/a","Consumer Non-Durables","Packaged Foods","https://www.nasdaq.com/symbol/mkc.v",
"MED","MEDIFAST INC","202.99","2425856556.79","n/a","n/a","Consumer Non-Durables","Packaged Foods","https://www.nasdaq.com/symbol/med",
"MGPI","MGP Ingredients, Inc.","69","1162493853","n/a","n/a","Consumer Non-Durables","Beverages (Production/Distribution)","https://www.nasdaq.com/symbol/mgpi",
"KORS","Michael Kors Holdings Limited","55.05","8220159254.7","n/a","2011","Consumer Non-Durables","Apparel","https://www.nasdaq.com/symbol/kors",
"TAP","Molson Coors Brewing  Company","56.59","9211376415.75","n/a","n/a","Consumer Non-Durables","Beverages (Production/Distribution)","https://www.nasdaq.com/symbol/tap",
"MDLZ","Mondelez International, Inc.","40.11","58823761669.89","n/a","n/a","Consumer Non-Durables","Packaged Foods","https://www.nasdaq.com/symbol/mdlz",
"MNST","Monster Beverage Corporation","51.32","28355487031.6","n/a","n/a","Consumer Non-Durables","Beverages (Production/Distribution)","https://www.nasdaq.com/symbol/mnst",
"MOV","Movado Group Inc.","38.66","894977530.92","n/a","n/a","Consumer Non-Durables","Consumer Specialties","https://www.nasdaq.com/symbol/mov",
"MYE","Myers Industries, Inc.","15.88","559040822.16","n/a","n/a","Consumer Non-Durables","Plastic Products","https://www.nasdaq.com/symbol/mye",
"NAKD","Naked Brand Group Limited","1.25","28697972.5","n/a","n/a","Consumer Non-Durables","Apparel","https://www.nasdaq.com/symbol/nakd",
"FIZZ","National Beverage Corp.","100.6","4690539384","n/a","n/a","Consumer Non-Durables","Beverages (Production/Distribution)","https://www.nasdaq.com/symbol/fizz",
"NLS","Nautilus Group, Inc. (The)","13.04","394435654.32","n/a","n/a","Consumer Non-Durables","Recreational Products/Toys","https://www.nasdaq.com/symbol/nls",
"NBEV","New Age Beverages Corporation","3.72","183762557.64","n/a","n/a","Consumer Non-Durables","Beverages (Production/Distribution)","https://www.nasdaq.com/symbol/nbev",
"NWL","Newell Brands Inc.","15.4","7276500000","n/a","n/a","Consumer Non-Durables","Plastic Products","https://www.nasdaq.com/symbol/nwl",
"NKE","Nike, Inc.","72.19","114645541930.88","n/a","n/a","Consumer Non-Durables","Shoe Manufacturing","https://www.nasdaq.com/symbol/nke",
"NOMD","Nomad Foods Limited","18.46","3211992668.56","n/a","2016","Consumer Non-Durables","Packaged Foods","https://www.nasdaq.com/symbol/nomd",
"SEED","Origin Agritech Limited","7.4","1727389.4","n/a","n/a","Consumer Non-Durables","Farming/Seeds/Milling","https://www.nasdaq.com/symbol/seed",
"OXM","Oxford Industries, Inc.","86.42","1464944136.16","n/a","n/a","Consumer Non-Durables","Apparel","https://www.nasdaq.com/symbol/oxm",
"PEP","Pepsico, Inc.","112.89","159351911520","n/a","n/a","Consumer Non-Durables","Beverages (Production/Distribution)","https://www.nasdaq.com/symbol/pep",
"PFGC","Performance Food Group Company","28.87","3036853026.18","n/a","2015","Consumer Non-Durables","Food Distributors","https://www.nasdaq.com/symbol/pfgc",
"PM","Philip Morris International Inc","90.46","140622232084.46","n/a","n/a","Consumer Non-Durables","Farming/Seeds/Milling","https://www.nasdaq.com/symbol/pm",
"PPC","Pilgrim&#39;s Pride Corporation","17.38","4327283853.42","n/a","n/a","Consumer Non-Durables","Meat/Poultry/Fish","https://www.nasdaq.com/symbol/ppc",
"PLAG","Planet Green Holdings Corp","5.15","22603.35","n/a","n/a","Consumer Non-Durables","Packaged Foods","https://www.nasdaq.com/symbol/plag",
"POPE","Pope Resources","71.9","313201433","n/a","n/a","Consumer Non-Durables","Environmental Services","https://www.nasdaq.com/symbol/pope",
"POST","Post Holdings, Inc.","85.7","5709390047.8","n/a","2012","Consumer Non-Durables","Packaged Foods","https://www.nasdaq.com/symbol/post",
"PRMW","Primo Water Corporation","16.59","625367050.98","n/a","2010","Consumer Non-Durables","Food Distributors","https://www.nasdaq.com/symbol/prmw",
"PVH","PVH Corp.","118.39","9082342599.06","n/a","n/a","Consumer Non-Durables","Apparel","https://www.nasdaq.com/symbol/pvh",
"RADA","RADA Electronic Industries Ltd.","2.79","91815652.44","n/a","n/a","Consumer Non-Durables","Electronic Components","https://www.nasdaq.com/symbol/rada",
"RL","Ralph Lauren Corporation","130.88","10618309582.08","n/a","1997","Consumer Non-Durables","Apparel","https://www.nasdaq.com/symbol/rl",
"RAND","Rand Capital Corporation","2.58","16310729.04","n/a","n/a","Consumer Non-Durables","Textiles","https://www.nasdaq.com/symbol/rand",
"RAVE","Rave Restaurant Group, Inc.","1.21","18207438.7","n/a","n/a","Consumer Non-Durables","Food Distributors","https://www.nasdaq.com/symbol/rave",
"REED","Reeds, Inc.","2.5","63872490","n/a","n/a","Consumer Non-Durables","Beverages (Production/Distribution)","https://www.nasdaq.com/symbol/reed",
"ABAC","Renmin Tianli Group, Inc.","1.71","13652203.95","n/a","n/a","Consumer Non-Durables","Farming/Seeds/Milling","https://www.nasdaq.com/symbol/abac",
"REV","Revlon, Inc.","22.78","1203492093.52","n/a","1996","Consumer Non-Durables","Package Goods/Cosmetics","https://www.nasdaq.com/symbol/rev",
"RIBT","RiceBran Technologies","2.58","62575353.54","n/a","n/a","Consumer Non-Durables","Packaged Foods","https://www.nasdaq.com/symbol/ribt",
"RIBTW","RiceBran Technologies","0.0113","0","n/a","n/a","Consumer Non-Durables","Packaged Foods","https://www.nasdaq.com/symbol/ribtw",
"RELL","Richardson Electronics, Ltd.","7.59","99030676.8","n/a","1983","Consumer Non-Durables","Electronic Components","https://www.nasdaq.com/symbol/rell",
"RCKY","Rocky Brands, Inc.","27.71","205644694.07","n/a","1993","Consumer Non-Durables","Shoe Manufacturing","https://www.nasdaq.com/symbol/rcky",
"RMCF","Rocky Mountain Chocolate Factory, Inc.","8.36","49730797.6","n/a","n/a","Consumer Non-Durables","Specialty Foods","https://www.nasdaq.com/symbol/rmcf",
"SANW","S&W Seed Company","2.79","0","n/a","n/a","Consumer Non-Durables","Farming/Seeds/Milling","https://www.nasdaq.com/symbol/sanw",
"SAFM","Sanderson Farms, Inc.","100.98","2306176796.88","n/a","1987","Consumer Non-Durables","Meat/Poultry/Fish","https://www.nasdaq.com/symbol/safm",
"SENEA","Seneca Foods Corp.","31.99","311725659.28","n/a","n/a","Consumer Non-Durables","Packaged Foods","https://www.nasdaq.com/symbol/senea",
"SENEB","Seneca Foods Corp.","32.25","314259222","n/a","n/a","Consumer Non-Durables","Packaged Foods","https://www.nasdaq.com/symbol/seneb",
"SQBG","Sequential Brands Group, Inc.","1.33","85287243.51","n/a","n/a","Consumer Non-Durables","Apparel","https://www.nasdaq.com/symbol/sqbg",
"TYHT","Shineco, Inc.","0.7694","17597541.3768","n/a","2016","Consumer Non-Durables","Farming/Seeds/Milling","https://www.nasdaq.com/symbol/tyht",
"SITE","SiteOne Landscape Supply, Inc.","62.41","2529523233.76","n/a","2016","Consumer Non-Durables","Farming/Seeds/Milling","https://www.nasdaq.com/symbol/site",
"SKX","Skechers U.S.A., Inc.","26.79","4266623916.69","n/a","1999","Consumer Non-Durables","Shoe Manufacturing","https://www.nasdaq.com/symbol/skx",
"SONO","Sonos, Inc.","12.03","1203395546.4","n/a","2018","Consumer Non-Durables","Consumer Electronics/Appliances","https://www.nasdaq.com/symbol/sono",
"SNE","Sony Corp Ord","51","64679823585","n/a","n/a","Consumer Non-Durables","Consumer Electronics/Appliances","https://www.nasdaq.com/symbol/sne",
"SPTN","SpartanNash Company","18.38","660445323.5","n/a","n/a","Consumer Non-Durables","Food Distributors","https://www.nasdaq.com/symbol/sptn",
"SDI","Standard Diversified Inc.","16.4","272818296.8","n/a","n/a","Consumer Non-Durables","Tobacco","https://www.nasdaq.com/symbol/sdi",
"SHOO","Steven Madden, Ltd.","29.13","3827678154.84","n/a","1993","Consumer Non-Durables","Shoe Manufacturing","https://www.nasdaq.com/symbol/shoo",
"SGC","Superior Group of Companies, Inc.","18.02","275913968.82","n/a","n/a","Consumer Non-Durables","Apparel","https://www.nasdaq.com/symbol/sgc",
"SYY","Sysco Corporation","70.32","36614870099.28","n/a","n/a","Consumer Non-Durables","Food Distributors","https://www.nasdaq.com/symbol/syy",
"TAIT","Taitron Components Incorporated","1.58","8857238.26","n/a","1995","Consumer Non-Durables","Electronic Components","https://www.nasdaq.com/symbol/tait",
"TLF","Tandy Leather Factory, Inc.","7.28","66642634.24","n/a","n/a","Consumer Non-Durables","Apparel","https://www.nasdaq.com/symbol/tlf",
"TPR","Tapestry, Inc.","40.8","11816892086.4","n/a","n/a","Consumer Non-Durables","Apparel","https://www.nasdaq.com/symbol/tpr",
"PETZ","TDH Holdings, Inc.","1.23","11591212.5","n/a","2017","Consumer Non-Durables","Packaged Foods","https://www.nasdaq.com/symbol/petz",
"TEL","TE Connectivity Ltd.","75.68","26371357443.2","n/a","n/a","Consumer Non-Durables","Electronic Components","https://www.nasdaq.com/symbol/tel",
"TESS","TESSCO Technologies Incorporated","11.77","99181729.35","n/a","1994","Consumer Non-Durables","Electronic Components","https://www.nasdaq.com/symbol/tess",
"CHEF","The Chefs&#39; Warehouse, Inc.","32.61","977382321.99","n/a","2011","Consumer Non-Durables","Food Distributors","https://www.nasdaq.com/symbol/chef",
"HAIN","The Hain Celestial Group, Inc.","24.96","2594644690.56","n/a","n/a","Consumer Non-Durables","Packaged Foods","https://www.nasdaq.com/symbol/hain",
"KHC","The Kraft Heinz Company","55.52","67692661785.12","n/a","n/a","Consumer Non-Durables","Packaged Foods","https://www.nasdaq.com/symbol/khc",
"SMPL","The Simply Good Foods Company","17.29","1397883497.92","n/a","n/a","Consumer Non-Durables","Packaged Foods","https://www.nasdaq.com/symbol/smpl",
"SMPLW","The Simply Good Foods Company","6.76","0","n/a","n/a","Consumer Non-Durables","Packaged Foods","https://www.nasdaq.com/symbol/smplw",
"THO","Thor Industries, Inc.","64.38","3392527598.7","n/a","n/a","Consumer Non-Durables","Homebuilding","https://www.nasdaq.com/symbol/tho",
"TR","Tootsie Roll Industries, Inc.","30.95","1207559560.8","n/a","n/a","Consumer Non-Durables","Specialty Foods","https://www.nasdaq.com/symbol/tr",
"THS","Treehouse Foods, Inc.","45.51","2559708948.78","n/a","n/a","Consumer Non-Durables","Packaged Foods","https://www.nasdaq.com/symbol/ths",
"THST","Truett-Hurst, Inc.","1.9","8543139.1","n/a","2013","Consumer Non-Durables","Beverages (Production/Distribution)","https://www.nasdaq.com/symbol/thst",
"TUP","Tupperware Brands Corporation","35.87","1794302770.6","n/a","n/a","Consumer Non-Durables","Plastic Products","https://www.nasdaq.com/symbol/tup",
"TPB","Turning Point Brands, Inc.","39.43","767579078.4","n/a","2016","Consumer Non-Durables","Tobacco","https://www.nasdaq.com/symbol/tpb",
"TSN","Tyson Foods, Inc.","61.56","22526668036.8","n/a","n/a","Consumer Non-Durables","Meat/Poultry/Fish","https://www.nasdaq.com/symbol/tsn",
"UA","Under Armour, Inc.","16.81","7479431532.53","n/a","2016","Consumer Non-Durables","Apparel","https://www.nasdaq.com/symbol/ua",
"UAA","Under Armour, Inc.","18.19","8093447922.47","n/a","n/a","Consumer Non-Durables","Apparel","https://www.nasdaq.com/symbol/uaa",
"UFI","Unifi, Inc.","23.97","440409798.75","n/a","n/a","Consumer Non-Durables","Textiles","https://www.nasdaq.com/symbol/ufi",
"UNFI","United Natural Foods, Inc.","21.98","1108312684.22","n/a","1996","Consumer Non-Durables","Food Distributors","https://www.nasdaq.com/symbol/unfi",
"UG","United-Guardian, Inc.","17.1","78562854.9","n/a","n/a","Consumer Non-Durables","Package Goods/Cosmetics","https://www.nasdaq.com/symbol/ug",
"UEIC","Universal Electronics Inc.","30.81","426127656.63","n/a","1993","Consumer Non-Durables","Consumer Electronics/Appliances","https://www.nasdaq.com/symbol/ueic",
"UUU","Universal Security Instruments, Inc.","1.21","2798593.27","n/a","n/a","Consumer Non-Durables","Electronic Components","https://www.nasdaq.com/symbol/uuu",
"USFD","US Foods Holding Corp.","28.43","6169678680.24","n/a","2016","Consumer Non-Durables","Food Distributors","https://www.nasdaq.com/symbol/usfd",
"VFC","V.F. Corporation","81.08","32145059663.76","n/a","n/a","Consumer Non-Durables","Apparel","https://www.nasdaq.com/symbol/vfc",
"VGR","Vector Group Ltd.","13.56","1910810288.28","n/a","n/a","Consumer Non-Durables","Farming/Seeds/Milling","https://www.nasdaq.com/symbol/vgr",
"VRA","Vera Bradley, Inc.","13.14","461957540.04","n/a","2010","Consumer Non-Durables","Apparel","https://www.nasdaq.com/symbol/vra",
"VSI","Vitamin Shoppe, Inc","7.79","187371148.41","n/a","2009","Consumer Non-Durables","Food Chains","https://www.nasdaq.com/symbol/vsi",
"VOXX","VOXX International Corporation","5.23","126561052.42","n/a","n/a","Consumer Non-Durables","Electronic Components","https://www.nasdaq.com/symbol/voxx",
"WCC","WESCO International, Inc.","48.53","2285734415.83","n/a","1999","Consumer Non-Durables","Telecommunications Equipment","https://www.nasdaq.com/symbol/wcc",
"WEYS","Weyco Group, Inc.","31.24","317402273.76","n/a","n/a","Consumer Non-Durables","Apparel","https://www.nasdaq.com/symbol/weys",
"WVVI","Willamette Valley Vineyards, Inc.","7.6","37730420.4","n/a","n/a","Consumer Non-Durables","Beverages (Production/Distribution)","https://www.nasdaq.com/symbol/wvvi",
"WVVIP","Willamette Valley Vineyards, Inc.","4.5719","0","n/a","n/a","Consumer Non-Durables","Beverages (Production/Distribution)","https://www.nasdaq.com/symbol/wvvip",
"WGO","Winnebago Industries, Inc.","25.56","808455234.24","n/a","n/a","Consumer Non-Durables","Homebuilding","https://www.nasdaq.com/symbol/wgo",
"WWW","Wolverine World Wide, Inc.","33.85","3218742847.75","n/a","n/a","Consumer Non-Durables","Shoe Manufacturing","https://www.nasdaq.com/symbol/www",
"YETI","YETI Holdings, Inc.","15.41","0","n/a","2018","Consumer Non-Durables","Recreational Products/Toys","https://www.nasdaq.com/symbol/yeti",
