"Symbol","Name","LastSale","MarketCap","ADR TSO","IPOyear","Sector","Industry","Summary Quote",
"ADTN","ADTRAN, Inc.","13.3","634930961","n/a","1994","Public Utilities","Telecommunications Equipment","https://www.nasdaq.com/symbol/adtn",
"ADSW","Advanced Disposal Services, Inc.","26.23","2323642780.6","n/a","2016","Public Utilities","Environmental Services","https://www.nasdaq.com/symbol/adsw",
"AKTS","Akoustis Technologies, Inc.","3.47","77639244.34","n/a","n/a","Public Utilities","Telecommunications Equipment","https://www.nasdaq.com/symbol/akts",
"ALSK","Alaska Communications Systems Group, Inc.","1.4","74457709.2","n/a","1999","Public Utilities","Telecommunications Equipment","https://www.nasdaq.com/symbol/alsk",
"AQN","Algonquin Power & Utilities Corp.","10.13","4767565543.41","n/a","2016","Public Utilities","Electric Utilities: Central","https://www.nasdaq.com/symbol/aqn",
"AQNA","Algonquin Power & Utilities Corp.","25.3","0","n/a","2018","Public Utilities","Electric Utilities: Central","https://www.nasdaq.com/symbol/aqna",
"ALE","Allete, Inc.","75.54","3879780932.64","n/a","n/a","Public Utilities","Power Generation","https://www.nasdaq.com/symbol/ale",
"LNT","Alliant Energy Corporation","43.63","10199511976.04","n/a","n/a","Public Utilities","Power Generation","https://www.nasdaq.com/symbol/lnt",
"AEE","Ameren Corporation","65.2","15911406696","n/a","n/a","Public Utilities","Power Generation","https://www.nasdaq.com/symbol/aee",
"AMOV","America Movil, S.A.B. de C.V.","13.69","45206653621.51","n/a","n/a","Public Utilities","Telecommunications Equipment","https://www.nasdaq.com/symbol/amov",
"AMX","America Movil, S.A.B. de C.V.","13.87","45801043515.73","n/a","n/a","Public Utilities","Telecommunications Equipment","https://www.nasdaq.com/symbol/amx",
"AEP","American Electric Power Company, Inc.","74.04","36509777551.08","n/a","n/a","Public Utilities","Electric Utilities: Central","https://www.nasdaq.com/symbol/aep",
"AMID","American Midstream Partners, LP","6.03","319475852.1","n/a","2011","Public Utilities","Natural Gas Distribution","https://www.nasdaq.com/symbol/amid",
"AWR","American States Water Company","61.54","2260579959.24","n/a","n/a","Public Utilities","Water Supply","https://www.nasdaq.com/symbol/awr",
"AWK","American Water Works","89.51","16155856642.98","n/a","2008","Public Utilities","Water Supply","https://www.nasdaq.com/symbol/awk",
"AMGP","Antero Midstream GP LP","15.8","2942108030.2","n/a","2017","Public Utilities","Natural Gas Distribution","https://www.nasdaq.com/symbol/amgp",
"AM","Antero Midstream Partners LP","30.22","5652514979.78","n/a","2014","Public Utilities","Natural Gas Distribution","https://www.nasdaq.com/symbol/am",
"WTR","Aqua America, Inc.","33.15","5897846083.35","n/a","n/a","Public Utilities","Water Supply","https://www.nasdaq.com/symbol/wtr",
"WAAS","AquaVenture Holdings Limited","17.26","458785488.26","n/a","2016","Public Utilities","Water Supply","https://www.nasdaq.com/symbol/waas",
"AROC","Archrock, Inc.","9.83","1272145970.18","n/a","n/a","Public Utilities","Natural Gas Distribution","https://www.nasdaq.com/symbol/aroc",
"ARTNA","Artesian Resources Corporation","36.53","337597547.56","n/a","n/a","Public Utilities","Water Supply","https://www.nasdaq.com/symbol/artna",
"T","AT&T Inc.","29.64","215482800000","n/a","n/a","Public Utilities","Telecommunications Equipment","https://www.nasdaq.com/symbol/t",
"TBB","AT&T Inc.","23.8","0","n/a","2017","Public Utilities","Telecommunications Equipment","https://www.nasdaq.com/symbol/tbb",
"TBC","AT&T Inc.","23.7","0","n/a","2018","Public Utilities","Telecommunications Equipment","https://www.nasdaq.com/symbol/tbc",
"ATTO","Atento S.A.","6.42","474496139.52","n/a","2014","Public Utilities","Telecommunications Equipment","https://www.nasdaq.com/symbol/atto",
"AY","Atlantica Yield plc","19.56","1960249605.6","n/a","2014","Public Utilities","Electric Utilities: Central","https://www.nasdaq.com/symbol/ay",
"ATO","Atmos Energy Corporation","94.49","10507347717.68","n/a","n/a","Public Utilities","Oil/Gas Transmission","https://www.nasdaq.com/symbol/ato",
"ATNI","ATN International, Inc.","81.44","1299566909.76","n/a","n/a","Public Utilities","Telecommunications Equipment","https://www.nasdaq.com/symbol/atni",
"AUDC","AudioCodes Ltd.","11.9","342918468.2","n/a","1999","Public Utilities","Telecommunications Equipment","https://www.nasdaq.com/symbol/audc",
"AWX","Avalon Holdings Corporation","3.15","11980492.65","n/a","n/a","Public Utilities","Environmental Services","https://www.nasdaq.com/symbol/awx",
"AGR","Avangrid, Inc.","47.59","14705560894.48","n/a","2015","Public Utilities","Electric Utilities: Central","https://www.nasdaq.com/symbol/agr",
"AVYA","Avaya Holdings Corp.","16.42","1805460640.24","n/a","n/a","Public Utilities","Telecommunications Equipment","https://www.nasdaq.com/symbol/avya",
"AVA","Avista Corporation","51.67","3394098960","n/a","n/a","Public Utilities","Power Generation","https://www.nasdaq.com/symbol/ava",
"AZRE","Azure Power Global Limited","12.04","313326431.6","n/a","2016","Public Utilities","Electric Utilities: Central","https://www.nasdaq.com/symbol/azre",
"BCE","BCE, Inc.","39.07","35085359627.16","n/a","n/a","Public Utilities","Telecommunications Equipment","https://www.nasdaq.com/symbol/bce",
"BKH","Black Hills Corporation","61.12","3275718821.12","n/a","n/a","Public Utilities","Electric Utilities: Central","https://www.nasdaq.com/symbol/bkh",
"BKHU","Black Hills Corporation","66.1347","0","n/a","2015","Public Utilities","Electric Utilities: Central","https://www.nasdaq.com/symbol/bkhu",
"BEP","Brookfield Renewable Partners L.P.","28.15","5076242883.6","n/a","n/a","Public Utilities","Electric Utilities: Central","https://www.nasdaq.com/symbol/bep",
"BT","BT Group plc","15.13","30023678704.95","n/a","n/a","Public Utilities","Telecommunications Equipment","https://www.nasdaq.com/symbol/bt",
"CDZI","Cadiz, Inc.","10.93","267304757.66","n/a","n/a","Public Utilities","Water Supply","https://www.nasdaq.com/symbol/cdzi",
"CWT","California Water  Service Group Holding","42.25","2030957500","n/a","n/a","Public Utilities","Water Supply","https://www.nasdaq.com/symbol/cwt",
"CWST","Casella Waste Systems, Inc.","32.19","1376225282.67","n/a","1997","Public Utilities","Environmental Services","https://www.nasdaq.com/symbol/cwst",
"CEL","Cellcom Israel, Ltd.","6.09","615361352.13","n/a","2007","Public Utilities","Telecommunications Equipment","https://www.nasdaq.com/symbol/cel",
"CNP","CenterPoint Energy, Inc.","27.22","13642361313.6","n/a","n/a","Public Utilities","Electric Utilities: Central","https://www.nasdaq.com/symbol/cnp",
"EBR","Centrais Electricas Brasileiras S.A.- Eletrobras","5.9","7980539555.7","n/a","2016","Public Utilities","Electric Utilities: Central","https://www.nasdaq.com/symbol/ebr",
"CEPU","Central Puerto S.A.","8.88","1336591315.2","n/a","2018","Public Utilities","Electric Utilities: Central","https://www.nasdaq.com/symbol/cepu",
"CTL","CenturyLink, Inc.","19.76","21343235993.04","n/a","n/a","Public Utilities","Telecommunications Equipment","https://www.nasdaq.com/symbol/ctl",
"CQP","Cheniere Energy Partners, LP","33.06","16001192836.38","n/a","2007","Public Utilities","Oil/Gas Transmission","https://www.nasdaq.com/symbol/cqp",
"LNG","Cheniere Energy, Inc.","56.81","14604212485.98","n/a","n/a","Public Utilities","Oil/Gas Transmission","https://www.nasdaq.com/symbol/lng",
"CPK","Chesapeake Utilities Corporation","80.77","1322895079.65","n/a","n/a","Public Utilities","Oil & Gas Production","https://www.nasdaq.com/symbol/cpk",
"CHL","China Mobile (Hong Kong) Ltd.","45.38","185835482755.02","n/a","n/a","Public Utilities","Telecommunications Equipment","https://www.nasdaq.com/symbol/chl",
"CHA","China Telecom Corp Ltd","45.92","37163974400","n/a","2002","Public Utilities","Telecommunications Equipment","https://www.nasdaq.com/symbol/cha",
"CHU","China Unicom (Hong Kong) Ltd","10.79","33015242000","n/a","n/a","Public Utilities","Telecommunications Equipment","https://www.nasdaq.com/symbol/chu",
"CHT","Chunghwa Telecom Co., Ltd.","35.23","27329485781","n/a","n/a","Public Utilities","Telecommunications Equipment","https://www.nasdaq.com/symbol/cht",
"CIEN","Ciena Corporation","29.72","4238109120.28","n/a","1997","Public Utilities","Telecommunications Equipment","https://www.nasdaq.com/symbol/cien",
"CBB","Cincinnati Bell Inc","13.69","686651629.92","n/a","n/a","Public Utilities","Telecommunications Equipment","https://www.nasdaq.com/symbol/cbb",
"CLNE","Clean Energy Fuels Corp.","2.18","443551480.76","n/a","2007","Public Utilities","Natural Gas Distribution","https://www.nasdaq.com/symbol/clne",
"CLFD","Clearfield, Inc.","12.06","164741372.82","n/a","n/a","Public Utilities","Telecommunications Equipment","https://www.nasdaq.com/symbol/clfd",
"CLRO","ClearOne, Inc.","1.5","12460102.5","n/a","n/a","Public Utilities","Telecommunications Equipment","https://www.nasdaq.com/symbol/clro",
"CWEN","Clearway Energy, Inc.","19.33","3733340974.19","n/a","2015","Public Utilities","Electric Utilities: Central","https://www.nasdaq.com/symbol/cwen",
"CMS","CMS Energy Corporation","49.79","14107071202.64","n/a","n/a","Public Utilities","Power Generation","https://www.nasdaq.com/symbol/cms",
"CMS^B","CMS Energy Corporation","100.5601","0","n/a","n/a","Public Utilities","Power Generation","https://www.nasdaq.com/symbol/cms^b",
"CMSA","CMS Energy Corporation","24.25","0","n/a","2018","Public Utilities","Power Generation","https://www.nasdaq.com/symbol/cmsa",
"CMSC","CMS Energy Corporation","24.99","0","n/a","2018","Public Utilities","Power Generation","https://www.nasdaq.com/symbol/cmsc",
"CNXM","CNX Midstream Partners LP","17.91","1139759535.15","n/a","2014","Public Utilities","Natural Gas Distribution","https://www.nasdaq.com/symbol/cnxm",
"JCS","Communications Systems, Inc.","2.8","25619787.2","n/a","n/a","Public Utilities","Telecommunications Equipment","https://www.nasdaq.com/symbol/jcs",
"CIG","Comp En De Mn Cemig ADS","2.99","4361670276.99","n/a","n/a","Public Utilities","Electric Utilities: Central","https://www.nasdaq.com/symbol/cig",
"SBS","Companhia de saneamento Basico Do Estado De Sao Paulo - Sabesp","7.52","5139994214.88","n/a","2002","Public Utilities","Water Supply","https://www.nasdaq.com/symbol/sbs",
"ELP","Companhia Paranaense de Energia (COPEL)","6.82","1866329657.5","n/a","n/a","Public Utilities","Electric Utilities: Central","https://www.nasdaq.com/symbol/elp",
"CTWS","Connecticut Water Service, Inc.","69.4","829690324.8","n/a","n/a","Public Utilities","Water Supply","https://www.nasdaq.com/symbol/ctws",
"CNSL","Consolidated Communications Holdings, Inc.","12.09","861443643.84","n/a","2005","Public Utilities","Telecommunications Equipment","https://www.nasdaq.com/symbol/cnsl",
"ED","Consolidated Edison Inc","77.34","24060705169.26","n/a","n/a","Public Utilities","Power Generation","https://www.nasdaq.com/symbol/ed",
"CWCO","Consolidated Water Co. Ltd.","12.3","184056621.9","n/a","n/a","Public Utilities","Water Supply","https://www.nasdaq.com/symbol/cwco",
"CPL","CPFL Energia S.A.","13.22","6730556101.62","n/a","2004","Public Utilities","Electric Utilities: Central","https://www.nasdaq.com/symbol/cpl",
"DZSI","DASAN Zhone Solutions, Inc.","13.11","216288098.28","n/a","n/a","Public Utilities","Telecommunications Equipment","https://www.nasdaq.com/symbol/dzsi",
"DCP","DCP Midstream LP","36.46","5225349778.88","n/a","n/a","Public Utilities","Natural Gas Distribution","https://www.nasdaq.com/symbol/dcp",
"DM","Dominion Energy Midstream Partners, LP","18.32","2319451983.12","n/a","2014","Public Utilities","Natural Gas Distribution","https://www.nasdaq.com/symbol/dm",
"D","Dominion Energy, Inc.","72.2","47201881446.2","n/a","n/a","Public Utilities","Electric Utilities: Central","https://www.nasdaq.com/symbol/d",
"DCUD","Dominion Energy, Inc.","48.33","0","n/a","2016","Public Utilities","Electric Utilities: Central","https://www.nasdaq.com/symbol/dcud",
"DRUA","Dominion Energy, Inc.","23.33","0","n/a","2016","Public Utilities","Electric Utilities: Central","https://www.nasdaq.com/symbol/drua",
"DTE","DTE Energy Company","113.63","20672140477.12","n/a","n/a","Public Utilities","Electric Utilities: Central","https://www.nasdaq.com/symbol/dte",
"DTJ","DTE Energy Company","23.02","0","n/a","2016","Public Utilities","Electric Utilities: Central","https://www.nasdaq.com/symbol/dtj",
"DTQ","DTE Energy Company","23.62","0","n/a","n/a","Public Utilities","Electric Utilities: Central","https://www.nasdaq.com/symbol/dtq",
"DTV","DTE Energy Company","53.04","0","n/a","2016","Public Utilities","Electric Utilities: Central","https://www.nasdaq.com/symbol/dtv",
"DTW","DTE Energy Company","22.65","0","n/a","2017","Public Utilities","Electric Utilities: Central","https://www.nasdaq.com/symbol/dtw",
"DTY","DTE Energy Company","25.973","0","n/a","2016","Public Utilities","Electric Utilities: Central","https://www.nasdaq.com/symbol/dty",
"DUK","Duke Energy Corporation","83.46","59453125265.04","n/a","n/a","Public Utilities","Power Generation","https://www.nasdaq.com/symbol/duk",
"DUKB","Duke Energy Corporation","24.26","0","n/a","2018","Public Utilities","Power Generation","https://www.nasdaq.com/symbol/dukb",
"DUKH","Duke Energy Corporation","23.33","0","n/a","n/a","Public Utilities","Power Generation","https://www.nasdaq.com/symbol/dukh",
"EIX","Edison International","69.11","22516812446.66","n/a","n/a","Public Utilities","Electric Utilities: Central","https://www.nasdaq.com/symbol/eix",
"EP^C","El Paso Corporation","45.3253","0","n/a","n/a","Public Utilities","Natural Gas Distribution","https://www.nasdaq.com/symbol/ep^c",
"EE","El Paso Electric Company","57.52","2340564726.4","n/a","n/a","Public Utilities","Electric Utilities: Central","https://www.nasdaq.com/symbol/ee",
"ELLO","Ellomay Capital Ltd.","7.93","84656778.44","n/a","n/a","Public Utilities","Electric Utilities: Central","https://www.nasdaq.com/symbol/ello",
"EDN","Empresa Distribuidora Y Comercializadora Norte S.A. (Edenor)","21.45","950251452.15","n/a","2007","Public Utilities","Electric Utilities: Central","https://www.nasdaq.com/symbol/edn",
"ENBL","Enable Midstream Partners, LP","14.79","6405082035.33","n/a","2014","Public Utilities","Natural Gas Distribution","https://www.nasdaq.com/symbol/enbl",
"ENIA","Enel Americas S.A.","7.47","8713751317.29","n/a","n/a","Public Utilities","Electric Utilities: Central","https://www.nasdaq.com/symbol/enia",
"ENIC","Enel Chile S.A.","4.21","5905289350.76","n/a","2016","Public Utilities","Electric Utilities: Central","https://www.nasdaq.com/symbol/enic",
"EOCC","Enel Generacion Chile S.A.","18.23","4983932860.37","n/a","n/a","Public Utilities","Electric Utilities: Central","https://www.nasdaq.com/symbol/eocc",
"ET","Energy Transfer L.P.","14.84","17209452700.16","n/a","1996","Public Utilities","Natural Gas Distribution","https://www.nasdaq.com/symbol/et",
"ENLK","EnLink Midstream Partners, LP","15.09","5328253150.83","n/a","n/a","Public Utilities","Natural Gas Distribution","https://www.nasdaq.com/symbol/enlk",
"ENLC","EnLink Midstream, LLC","13.14","2380086253.44","n/a","n/a","Public Utilities","Natural Gas Distribution","https://www.nasdaq.com/symbol/enlc",
"ESNC","EnSync, Inc.","0.23","15643308.55","n/a","n/a","Public Utilities","Electric Utilities: Central","https://www.nasdaq.com/symbol/esnc",
"EAB","Entergy Arkansas, Inc.","22.93","0","n/a","n/a","Public Utilities","Electric Utilities: Central","https://www.nasdaq.com/symbol/eab",
"EAE","Entergy Arkansas, Inc.","21.45","0","n/a","2013","Public Utilities","Electric Utilities: Central","https://www.nasdaq.com/symbol/eae",
"EAI","Entergy Arkansas, Inc.","21.56","0","n/a","2016","Public Utilities","Electric Utilities: Central","https://www.nasdaq.com/symbol/eai",
"ETR","Entergy Corporation","84.01","15193631238.32","n/a","n/a","Public Utilities","Electric Utilities: Central","https://www.nasdaq.com/symbol/etr",
"ELC","Entergy Louisiana, Inc.","21.65","0","n/a","2016","Public Utilities","Electric Utilities: Central","https://www.nasdaq.com/symbol/elc",
"ELJ","Entergy Louisiana, Inc.","23.85","0","n/a","n/a","Public Utilities","Electric Utilities: Central","https://www.nasdaq.com/symbol/elj",
"ELU","Entergy Louisiana, Inc.","21.37","0","n/a","n/a","Public Utilities","Electric Utilities: Central","https://www.nasdaq.com/symbol/elu",
"EMP","Entergy Mississippi, Inc.","21.62","0","n/a","2016","Public Utilities","Electric Utilities: Central","https://www.nasdaq.com/symbol/emp",
"ENJ","Entergy New Orleans, LLC","22.4599","0","n/a","n/a","Public Utilities","Power Generation","https://www.nasdaq.com/symbol/enj",
"ENO","Entergy New Orleans, LLC","24.72","0","n/a","2016","Public Utilities","Power Generation","https://www.nasdaq.com/symbol/eno",
"EZT","Entergy Texas Inc","24.91","0","n/a","2014","Public Utilities","Electric Utilities: Central","https://www.nasdaq.com/symbol/ezt",
"EPD","Enterprise Products Partners L.P.","26.48","57619185869.44","n/a","n/a","Public Utilities","Natural Gas Distribution","https://www.nasdaq.com/symbol/epd",
"EQGP","EQGP Holdings, LP","16.2","4899832009.2","n/a","2015","Public Utilities","Natural Gas Distribution","https://www.nasdaq.com/symbol/eqgp",
"EQM","EQM Midstream Partners, LP","45.1","5432584767.5","n/a","2012","Public Utilities","Natural Gas Distribution","https://www.nasdaq.com/symbol/eqm",
"ESTR","Estre Ambiental, Inc.","4.95","253374323.4","n/a","n/a","Public Utilities","Environmental Services","https://www.nasdaq.com/symbol/estr",
"ESTRW","Estre Ambiental, Inc.","0.24","0","n/a","n/a","Public Utilities","Environmental Services","https://www.nasdaq.com/symbol/estrw",
"EVRG","Evergy, Inc.","56.57","15369381617.93","n/a","2018","Public Utilities","Power Generation","https://www.nasdaq.com/symbol/evrg",
"ES","Eversource Energy","63.93","20258509705.44","n/a","n/a","Public Utilities","Electric Utilities: Central","https://www.nasdaq.com/symbol/es",
"EXC","Exelon Corporation","44.08","42577167380.08","n/a","n/a","Public Utilities","Power Generation","https://www.nasdaq.com/symbol/exc",
"FN","Fabrinet","41.33","1522245151.06","n/a","2010","Public Utilities","Telecommunications Equipment","https://www.nasdaq.com/symbol/fn",
"FE","FirstEnergy Corp.","37.26","19056453741","n/a","n/a","Public Utilities","Electric Utilities: Central","https://www.nasdaq.com/symbol/fe",
"FTS","Fortis Inc.","32.77","13981465900.49","n/a","2016","Public Utilities","Electric Utilities: Central","https://www.nasdaq.com/symbol/fts",
"FTR","Frontier Communications Corporation","4.68","495190800","n/a","n/a","Public Utilities","Telecommunications Equipment","https://www.nasdaq.com/symbol/ftr",
"FTNW","FTE Networks, Inc.","8.2943","62214043.0317","n/a","n/a","Public Utilities","Telecommunications Equipment","https://www.nasdaq.com/symbol/ftnw",
"GLIBA","GCI Liberty, Inc.","44.62","4863785965.92","n/a","n/a","Public Utilities","Telecommunications Equipment","https://www.nasdaq.com/symbol/gliba",
"GLIBP","GCI Liberty, Inc.","24.6749","885705535.5","n/a","n/a","Public Utilities","Telecommunications Equipment","https://www.nasdaq.com/symbol/glibp",
"GNE","Genie Energy Ltd.","5.31","140453280.72","n/a","2011","Public Utilities","Power Generation","https://www.nasdaq.com/symbol/gne",
"GPJA","Georgia Power Company","23.14","0","n/a","2017","Public Utilities","Electric Utilities: Central","https://www.nasdaq.com/symbol/gpja",
"GWRS","Global Water Resources, Inc.","10.51","225663320.96","n/a","2016","Public Utilities","Water Supply","https://www.nasdaq.com/symbol/gwrs",
"GLOW","Glowpoint, Inc.","0.1728","8278502.4","n/a","n/a","Public Utilities","Telecommunications Equipment","https://www.nasdaq.com/symbol/glow",
"GTT","GTT Communications, Inc.","33.73","1842617449.85","n/a","n/a","Public Utilities","Telecommunications Equipment","https://www.nasdaq.com/symbol/gtt",
"HE","Hawaiian Electric Industries, Inc.","37.01","4029620857.45","n/a","n/a","Public Utilities","Electric Utilities: Central","https://www.nasdaq.com/symbol/he",
"HNP","Huaneng Power International, Inc.","21","8241498993","n/a","1994","Public Utilities","Electric Utilities: Central","https://www.nasdaq.com/symbol/hnp",
"IDA","IDACORP, Inc.","95.05","4789845430.15","n/a","n/a","Public Utilities","Electric Utilities: Central","https://www.nasdaq.com/symbol/ida",
"IDT","IDT Corporation","6.88","163181381.12","n/a","n/a","Public Utilities","Telecommunications Equipment","https://www.nasdaq.com/symbol/idt",
"INFN","Infinera Corporation","5.34","934368550.56","n/a","2007","Public Utilities","Telecommunications Equipment","https://www.nasdaq.com/symbol/infn",
"IGLD","Internet Gold Golden Lines Ltd.","2.3","64407327.8","n/a","1999","Public Utilities","Telecommunications Equipment","https://www.nasdaq.com/symbol/igld",
"JSYN","Jensyn Acquistion Corp.","10.53","21916110.06","n/a","2016","Public Utilities","Natural Gas Distribution","https://www.nasdaq.com/symbol/jsyn",
"JSYNR","Jensyn Acquistion Corp.","0.2447","0","n/a","2016","Public Utilities","Natural Gas Distribution","https://www.nasdaq.com/symbol/jsynr",
"JSYNU","Jensyn Acquistion Corp.","12.25","0","n/a","2016","Public Utilities","Natural Gas Distribution","https://www.nasdaq.com/symbol/jsynu",
"JSYNW","Jensyn Acquistion Corp.","0.08","0","n/a","2016","Public Utilities","Natural Gas Distribution","https://www.nasdaq.com/symbol/jsynw",
"JE","Just Energy Group, Inc.","3.18","498492526.08","n/a","n/a","Public Utilities","Oil/Gas Transmission","https://www.nasdaq.com/symbol/je",
"KEN","Kenon Holdings Ltd.","15.92","856921844.08","n/a","2015","Public Utilities","Electric Utilities: Central","https://www.nasdaq.com/symbol/ken",
"KMI","Kinder Morgan, Inc.","16.46","36327521004.02","n/a","2011","Public Utilities","Natural Gas Distribution","https://www.nasdaq.com/symbol/kmi",
"KEP","Korea Electric Power Corporation","11.74","15073316527.96","n/a","1994","Public Utilities","Electric Utilities: Central","https://www.nasdaq.com/symbol/kep",
"KT","KT Corporation","14.31","7016043260.16","n/a","n/a","Public Utilities","Telecommunications Equipment","https://www.nasdaq.com/symbol/kt",
"CALL","magicJack VocalTec Ltd","8.15","132074221.9","n/a","n/a","Public Utilities","Telecommunications Equipment","https://www.nasdaq.com/symbol/call",
"MTSL","MER Telemanagement Solutions Ltd.","1.56","5139143.88","n/a","1997","Public Utilities","Telecommunications Equipment","https://www.nasdaq.com/symbol/mtsl",
"MSEX","Middlesex Water Company","45.56","746835466","n/a","n/a","Public Utilities","Water Supply","https://www.nasdaq.com/symbol/msex",
"MBT","Mobile TeleSystems OJSC","7.85","7399585518.15","n/a","n/a","Public Utilities","Telecommunications Equipment","https://www.nasdaq.com/symbol/mbt",
"NFG","National Fuel Gas Company","54.5","4684340291","n/a","n/a","Public Utilities","Oil/Gas Transmission","https://www.nasdaq.com/symbol/nfg",
"NGG","National Grid Transco, PLC","54.39","36969625858.62","n/a","n/a","Public Utilities","Natural Gas Distribution","https://www.nasdaq.com/symbol/ngg",
"NTGR","NETGEAR, Inc.","52.74","1677564784.44","n/a","2003","Public Utilities","Telecommunications Equipment","https://www.nasdaq.com/symbol/ntgr",
"NJR","NewJersey Resources Corporation","45.53","4019243204.83","n/a","n/a","Public Utilities","Oil/Gas Transmission","https://www.nasdaq.com/symbol/njr",
"NEXT","NextDecade Corporation","5.1","555140951.7","n/a","2015","Public Utilities","Oil & Gas Production","https://www.nasdaq.com/symbol/next",
"NEP","NextEra Energy Partners, LP","43.06","2411867806.58","n/a","2014","Public Utilities","Electric Utilities: Central","https://www.nasdaq.com/symbol/nep",
"NEE","NextEra Energy, Inc.","172.78","82579381504.46","n/a","n/a","Public Utilities","Electric Utilities: Central","https://www.nasdaq.com/symbol/nee",
"NMK^B","Niagara Mohawk Holdings, Inc.","94.5","0","n/a","n/a","Public Utilities","Natural Gas Distribution","https://www.nasdaq.com/symbol/nmk^b",
"NMK^C","Niagara Mohawk Holdings, Inc.","93.095","0","n/a","n/a","Public Utilities","Natural Gas Distribution","https://www.nasdaq.com/symbol/nmk^c",
"NIHD","NII Holdings, Inc.","6.13","615882068.54","n/a","n/a","Public Utilities","Telecommunications Equipment","https://www.nasdaq.com/symbol/nihd",
"NI","NiSource, Inc","25.81","9369976839.85","n/a","n/a","Public Utilities","Power Generation","https://www.nasdaq.com/symbol/ni",
"NWN","Northwest Natural Holding Company","66.61","1918400106.02","n/a","n/a","Public Utilities","Oil/Gas Transmission","https://www.nasdaq.com/symbol/nwn",
"NWE","NorthWestern Corporation","59.36","2987057290.56","n/a","n/a","Public Utilities","Power Generation","https://www.nasdaq.com/symbol/nwe",
"NRG","NRG Energy, Inc.","35.41","10744431690.05","n/a","n/a","Public Utilities","Electric Utilities: Central","https://www.nasdaq.com/symbol/nrg",
"OPTT","Ocean Power Technologies, Inc.","0.538","10110142.268","n/a","2007","Public Utilities","Electric Utilities: Central","https://www.nasdaq.com/symbol/optt",
"OGE","OGE Energy Corp","37.08","7406026814.88","n/a","n/a","Public Utilities","Electric Utilities: Central","https://www.nasdaq.com/symbol/oge",
"OGS","ONE Gas, Inc.","81.23","4266017482.34","n/a","2014","Public Utilities","Oil/Gas Transmission","https://www.nasdaq.com/symbol/ogs",
"OHGI","One Horizon Group, Inc.","0.2049","12027839.4078","n/a","n/a","Public Utilities","Telecommunications Equipment","https://www.nasdaq.com/symbol/ohgi",
"OKE","ONEOK, Inc.","63.23","26003304241.02","n/a","n/a","Public Utilities","Oil & Gas Production","https://www.nasdaq.com/symbol/oke",
"ORAN","Orange","15.44","40972358223.36","n/a","n/a","Public Utilities","Telecommunications Equipment","https://www.nasdaq.com/symbol/oran",
"ORA","Ormat Technologies, Inc.","50.92","2578086626.96","n/a","2004","Public Utilities","Electric Utilities: Central","https://www.nasdaq.com/symbol/ora",
"OTEL","Otelco Inc.","16.59","56217272.16","n/a","n/a","Public Utilities","Telecommunications Equipment","https://www.nasdaq.com/symbol/otel",
"OTTR","Otter Tail Corporation","46.22","1833310892.26","n/a","n/a","Public Utilities","Electric Utilities: Central","https://www.nasdaq.com/symbol/ottr",
"PCG","Pacific Gas & Electric Co.","46.78","24192339544.86","n/a","n/a","Public Utilities","Power Generation","https://www.nasdaq.com/symbol/pcg",
"PAM","Pampa Energia S.A.","30.96","2267648388.72","n/a","n/a","Public Utilities","Electric Utilities: Central","https://www.nasdaq.com/symbol/pam",
"PTNR","Partner Communications Company Ltd.","4.89","26881391.13","5497217","n/a","Public Utilities","Telecommunications Equipment","https://www.nasdaq.com/symbol/ptnr",
"PEGI","Pattern Energy Group Inc.","17.51","1720789454.19","n/a","2013","Public Utilities","Electric Utilities: Central","https://www.nasdaq.com/symbol/pegi",
"PDVW","pdvWireless, Inc.","38.12","553113842.84","n/a","2015","Public Utilities","Telecommunications Equipment","https://www.nasdaq.com/symbol/pdvw",
"PNW","Pinnacle West Capital Corporation","83.42","9340882675.38","n/a","n/a","Public Utilities","Electric Utilities: Central","https://www.nasdaq.com/symbol/pnw",
"PLT","Plantronics, Inc.","57.31","2276510802.5","n/a","1994","Public Utilities","Telecommunications Equipment","https://www.nasdaq.com/symbol/plt",
"PHI","PLDT Inc.","25.77","5567757321.75","n/a","n/a","Public Utilities","Telecommunications Equipment","https://www.nasdaq.com/symbol/phi",
"PNM","PNM Resources, Inc. (Holding Co.)","38.86","3095339828.64","n/a","n/a","Public Utilities","Electric Utilities: Central","https://www.nasdaq.com/symbol/pnm",
"POR","Portland General Electric Company","45.27","4039824405.15","n/a","n/a","Public Utilities","Electric Utilities: Central","https://www.nasdaq.com/symbol/por",
"PPX","PPL Capital Funding, Inc.","24.65","0","n/a","n/a","Public Utilities","Electric Utilities: Central","https://www.nasdaq.com/symbol/ppx",
"PPL","PPL Corporation","30.54","21364887956.4","n/a","n/a","Public Utilities","Electric Utilities: Central","https://www.nasdaq.com/symbol/ppl",
"TLK","PT Telekomunikasi Indonesia, Tbk","23.65","23017229303.2","n/a","n/a","Public Utilities","Telecommunications Equipment","https://www.nasdaq.com/symbol/tlk",
"PEG","Public Service Enterprise Group Incorporated","55.23","27909007294.98","n/a","n/a","Public Utilities","Power Generation","https://www.nasdaq.com/symbol/peg",
"PCYO","Pure Cycle Corporation","9.33","221719034.34","n/a","n/a","Public Utilities","Water Supply","https://www.nasdaq.com/symbol/pcyo",
"CTAA","Qwest Corporation","24.94","0","n/a","2016","Public Utilities","Telecommunications Equipment","https://www.nasdaq.com/symbol/ctaa",
"CTBB","Qwest Corporation","22.16","0","n/a","2016","Public Utilities","Telecommunications Equipment","https://www.nasdaq.com/symbol/ctbb",
"CTDD","Qwest Corporation","23.14","0","n/a","2017","Public Utilities","Telecommunications Equipment","https://www.nasdaq.com/symbol/ctdd",
"CTV","Qwest Corporation","24.02","0","n/a","2014","Public Utilities","Telecommunications Equipment","https://www.nasdaq.com/symbol/ctv",
"CTY","Qwest Corporation","21.14","0","n/a","2013","Public Utilities","Telecommunications Equipment","https://www.nasdaq.com/symbol/cty",
"CTZ","Qwest Corporation","22.94","0","n/a","n/a","Public Utilities","Telecommunications Equipment","https://www.nasdaq.com/symbol/ctz",
"RSG","Republic Services, Inc.","70.91","23017386000","n/a","1998","Public Utilities","Environmental Services","https://www.nasdaq.com/symbol/rsg",
"RGCO","RGC Resources Inc.","27.49","219558671.44","n/a","n/a","Public Utilities","Oil & Gas Production","https://www.nasdaq.com/symbol/rgco",
"SCG","Scana Corporation","37.13","5295681696.08","n/a","n/a","Public Utilities","Power Generation","https://www.nasdaq.com/symbol/scg",
"SRE","Sempra Energy","112.54","30775013625.38","n/a","n/a","Public Utilities","Natural Gas Distribution","https://www.nasdaq.com/symbol/sre",
"SRE^A","Sempra Energy","99.01","0","n/a","n/a","Public Utilities","Natural Gas Distribution","https://www.nasdaq.com/symbol/sre^a",
"SHEN","Shenandoah Telecommunications Co","35.51","1759829294.96","n/a","n/a","Public Utilities","Telecommunications Equipment","https://www.nasdaq.com/symbol/shen",
"SJW","SJW Group","62.06","1279559410.12","n/a","n/a","Public Utilities","Water Supply","https://www.nasdaq.com/symbol/sjw",
"SKM","SK Telecom Co., Ltd.","26.42","16806252302.36","n/a","n/a","Public Utilities","Telecommunications Equipment","https://www.nasdaq.com/symbol/skm",
"SKYS","Sky Solar Holdings, Ltd.","0.555","7958296.515","14339273","2014","Public Utilities","Electric Utilities: Central","https://www.nasdaq.com/symbol/skys",
"SJI","South Jersey Industries, Inc.","30.13","2576302318.21","n/a","n/a","Public Utilities","Oil/Gas Transmission","https://www.nasdaq.com/symbol/sji",
"SJIU","South Jersey Industries, Inc.","49.8","0","n/a","n/a","Public Utilities","Oil/Gas Transmission","https://www.nasdaq.com/symbol/sjiu",
"SXE","Southcross Energy Partners, L.P.","0.416","33210447.712","n/a","2012","Public Utilities","Natural Gas Distribution","https://www.nasdaq.com/symbol/sxe",
"SO","Southern Company (The)","45.89","46538704848.87","n/a","n/a","Public Utilities","Electric Utilities: Central","https://www.nasdaq.com/symbol/so",
"SOJA","Southern Company (The)","25.61","0","n/a","2015","Public Utilities","Electric Utilities: Central","https://www.nasdaq.com/symbol/soja",
"SOJB","Southern Company (The)","22.61","0","n/a","2016","Public Utilities","Electric Utilities: Central","https://www.nasdaq.com/symbol/sojb",
"SOJC","Southern Company (The)","22.79","0","n/a","2017","Public Utilities","Electric Utilities: Central","https://www.nasdaq.com/symbol/sojc",
"SWX","Southwest Gas Holdings, Inc.","78.72","3867815018.88","n/a","n/a","Public Utilities","Oil & Gas Production","https://www.nasdaq.com/symbol/swx",
"SPKE","Spark Energy, Inc.","7.62","265776745.56","n/a","2014","Public Utilities","Power Generation","https://www.nasdaq.com/symbol/spke",
"SPKEP","Spark Energy, Inc.","21.82","0","n/a","n/a","Public Utilities","Power Generation","https://www.nasdaq.com/symbol/spkep",
"SEP","Spectra Energy Partners, LP","33.84","16408910114.64","n/a","2007","Public Utilities","Natural Gas Distribution","https://www.nasdaq.com/symbol/sep",
"SR","Spire Inc.","73.73","3735832153.16","n/a","n/a","Public Utilities","Oil/Gas Transmission","https://www.nasdaq.com/symbol/sr",
"SPOK","Spok Holdings, Inc.","14.31","278416304.46","n/a","n/a","Public Utilities","Telecommunications Equipment","https://www.nasdaq.com/symbol/spok",
"S","Sprint Corporation","5.75","23443914777.5","n/a","2013","Public Utilities","Telecommunications Equipment","https://www.nasdaq.com/symbol/s",
"SMLP","Summit Midstream Partners, LP","15.98","1172225284.5","n/a","2012","Public Utilities","Natural Gas Distribution","https://www.nasdaq.com/symbol/smlp",
"SUNW","Sunworks, Inc.","0.4274","10980850.9814","n/a","n/a","Public Utilities","Telecommunications Equipment","https://www.nasdaq.com/symbol/sunw",
"TGE","Tallgrass Energy, LP","22.42","6281719787.1","n/a","2015","Public Utilities","Natural Gas Distribution","https://www.nasdaq.com/symbol/tge",
"TRGP","Targa Resources, Inc.","51.02","11507998751.6","n/a","2010","Public Utilities","Natural Gas Distribution","https://www.nasdaq.com/symbol/trgp",
"TCP","TC PipeLines, LP","30.61","2240847781.56","n/a","n/a","Public Utilities","Natural Gas Distribution","https://www.nasdaq.com/symbol/tcp",
"TEO","Telecom Argentina Stet - France Telecom S.A.","17.42","7503449026.84","n/a","n/a","Public Utilities","Telecommunications Equipment","https://www.nasdaq.com/symbol/teo",
"VIV","Telefonica Brasil S.A.","10.32","17427319768.32","n/a","n/a","Public Utilities","Telecommunications Equipment","https://www.nasdaq.com/symbol/viv",
"TEF","Telefonica SA","7.96","41329368220.56","n/a","1988","Public Utilities","Telecommunications Equipment","https://www.nasdaq.com/symbol/tef",
"TDA","Telephone and Data Systems, Inc.","22.59","0","n/a","n/a","Public Utilities","Telecommunications Equipment","https://www.nasdaq.com/symbol/tda",
"TDE","Telephone and Data Systems, Inc.","24.7","0","n/a","n/a","Public Utilities","Telecommunications Equipment","https://www.nasdaq.com/symbol/tde",
"TDI","Telephone and Data Systems, Inc.","23.583","0","n/a","n/a","Public Utilities","Telecommunications Equipment","https://www.nasdaq.com/symbol/tdi",
"TDJ","Telephone and Data Systems, Inc.","25.07","0","n/a","n/a","Public Utilities","Telecommunications Equipment","https://www.nasdaq.com/symbol/tdj",
"TDS","Telephone and Data Systems, Inc.","29.53","3304695419.51","n/a","n/a","Public Utilities","Telecommunications Equipment","https://www.nasdaq.com/symbol/tds",
"TU","TELUS Corporation","34.07","20380439734.68","n/a","n/a","Public Utilities","Telecommunications Equipment","https://www.nasdaq.com/symbol/tu",
"TVC","Tennessee Valley Authority","24.78","0","n/a","n/a","Public Utilities","Electric Utilities: Central","https://www.nasdaq.com/symbol/tvc",
"TVE","Tennessee Valley Authority","24.365","0","n/a","n/a","Public Utilities","Electric Utilities: Central","https://www.nasdaq.com/symbol/tve",
"TERP","TerraForm Power, Inc.","11.06","2312221694.16","n/a","2014","Public Utilities","Electric Utilities: Central","https://www.nasdaq.com/symbol/terp",
"YORW","The York Water Company","32.03","413669499.92","n/a","n/a","Public Utilities","Water Supply","https://www.nasdaq.com/symbol/yorw",
"TSU","TIM Participacoes S.A.","14.5","7020994177.5","n/a","n/a","Public Utilities","Telecommunications Equipment","https://www.nasdaq.com/symbol/tsu",
"TMUS","T-Mobile US, Inc.","64.91","54993794977.34","n/a","n/a","Public Utilities","Telecommunications Equipment","https://www.nasdaq.com/symbol/tmus",
"TAC","TransAlta Corporation","5.33","1526278370.11","n/a","n/a","Public Utilities","Electric Utilities: Central","https://www.nasdaq.com/symbol/tac",
"TRP","TransCanada Corporation","37.56","34311523715.76","n/a","n/a","Public Utilities","Natural Gas Distribution","https://www.nasdaq.com/symbol/trp",
"TGS","Transportadora De Gas Sa Ord B","13.45","2120517006.65","n/a","n/a","Public Utilities","Natural Gas Distribution","https://www.nasdaq.com/symbol/tgs",
"TKC","Turkcell Iletisim Hizmetleri AS","5.44","4787200000","n/a","n/a","Public Utilities","Telecommunications Equipment","https://www.nasdaq.com/symbol/tkc",
"UGI","UGI Corporation","53.41","9285968565.44","n/a","n/a","Public Utilities","Natural Gas Distribution","https://www.nasdaq.com/symbol/ugi",
"UGP","Ultrapar Participacoes S.A.","11.22","6239723588.34","n/a","n/a","Public Utilities","Oil/Gas Transmission","https://www.nasdaq.com/symbol/ugp",
"USM","United States Cellular Corporation","45.54","3896010573.84","n/a","1988","Public Utilities","Telecommunications Equipment","https://www.nasdaq.com/symbol/usm",
"UZA","United States Cellular Corporation","24.9","0","n/a","n/a","Public Utilities","Telecommunications Equipment","https://www.nasdaq.com/symbol/uza",
"UZB","United States Cellular Corporation","25.25","0","n/a","2014","Public Utilities","Telecommunications Equipment","https://www.nasdaq.com/symbol/uzb",
"UZC","United States Cellular Corporation","25.22","0","n/a","2015","Public Utilities","Telecommunications Equipment","https://www.nasdaq.com/symbol/uzc",
"UTL","UNITIL Corporation","48.59","722380338.68","n/a","n/a","Public Utilities","Power Generation","https://www.nasdaq.com/symbol/utl",
"ECOL","US Ecology, Inc.","67.39","1481554054.64","n/a","n/a","Public Utilities","Environmental Services","https://www.nasdaq.com/symbol/ecol",
"USAC","USA Compression Partners, LP","14.96","1441419696.64","n/a","2013","Public Utilities","Natural Gas Distribution","https://www.nasdaq.com/symbol/usac",
"VVC","Vectren Corporation","71.58","5946916148.1","n/a","n/a","Public Utilities","Natural Gas Distribution","https://www.nasdaq.com/symbol/vvc",
"VEON","VEON Ltd.","2.81","4184577065.73","1489173333","n/a","Public Utilities","Telecommunications Equipment","https://www.nasdaq.com/symbol/veon",
"VZ","Verizon Communications Inc.","56.48","233371723026.88","n/a","n/a","Public Utilities","Telecommunications Equipment","https://www.nasdaq.com/symbol/vz",
"VZA","Verizon Communications Inc.","25.69","0","n/a","2014","Public Utilities","Telecommunications Equipment","https://www.nasdaq.com/symbol/vza",
"DYNC","Vistra Energy Corp.","89.9501","0","n/a","2016","Public Utilities","Electric Utilities: Central","https://www.nasdaq.com/symbol/dync",
"VST","Vistra Energy Corp.","21.81","11311040194.17","n/a","n/a","Public Utilities","Electric Utilities: Central","https://www.nasdaq.com/symbol/vst",
"VVPR","VivoPower International PLC","1.25","16946720","n/a","n/a","Public Utilities","Power Generation","https://www.nasdaq.com/symbol/vvpr",
"VOD","Vodafone Group Plc","18.79","8922955290.04","474877876","n/a","Public Utilities","Telecommunications Equipment","https://www.nasdaq.com/symbol/vod",
"VG","Vonage Holdings Corp.","12.68","3031267866.4","n/a","2006","Public Utilities","Telecommunications Equipment","https://www.nasdaq.com/symbol/vg",
"WCN","Waste Connections, Inc.","72.5","19104043915","n/a","n/a","Public Utilities","Environmental Services","https://www.nasdaq.com/symbol/wcn",
"WM","Waste Management, Inc.","86.41","36840646603.07","n/a","n/a","Public Utilities","Environmental Services","https://www.nasdaq.com/symbol/wm",
"WEC","WEC Energy Group, Inc.","69.78","22017924001.44","n/a","n/a","Public Utilities","Power Generation","https://www.nasdaq.com/symbol/wec",
"WSTL","Westell Technologies, Inc.","2.59","40446320.6","n/a","1995","Public Utilities","Telecommunications Equipment","https://www.nasdaq.com/symbol/wstl",
"WGP","Western Gas Equity Partners, LP","29.26","6406119940.22","n/a","2012","Public Utilities","Natural Gas Distribution","https://www.nasdaq.com/symbol/wgp",
"WES","Western Gas Partners, LP","41.7","6938360835","n/a","2008","Public Utilities","Natural Gas Distribution","https://www.nasdaq.com/symbol/wes",
"WMB","Williams Companies, Inc. (The)","24.03","29061234896.13","n/a","n/a","Public Utilities","Natural Gas Distribution","https://www.nasdaq.com/symbol/wmb",
"WIN","Windstream Holdings, Inc.","4.125","177119724.375","n/a","n/a","Public Utilities","Telecommunications Equipment","https://www.nasdaq.com/symbol/win",
"XEL","Xcel Energy Inc.","49.41","25361515956.87","n/a","n/a","Public Utilities","Power Generation","https://www.nasdaq.com/symbol/xel",
"ZAYO","Zayo Group Holdings, Inc.","29.6","7295511408","n/a","2014","Public Utilities","Telecommunications Equipment","https://www.nasdaq.com/symbol/zayo",
