"Symbol","Name","LastSale","MarketCap","ADR TSO","IPOyear","Sector","Industry","Summary Quote",
"VNET","21Vianet Group, Inc.","9.52","590779822.08","62056704","2011","Technology","Computer Software: Programming, Data Processing","https://www.nasdaq.com/symbol/vnet",
"TWOU","2U, Inc.","59.07","3392085889.5","n/a","2014","Technology","Computer Software: Prepackaged Software","https://www.nasdaq.com/symbol/twou",
"DDD","3D Systems Corporation","15.63","1782293323.29","n/a","n/a","Technology","Computer Software: Prepackaged Software","https://www.nasdaq.com/symbol/ddd",
"JOBS","51job, Inc.","56.64","2063744725.44","36436171","2004","Technology","Diversified Commercial Services","https://www.nasdaq.com/symbol/jobs",
"WUBA","58.com Inc.","60.5","8923113540","n/a","2013","Technology","Computer Software: Programming, Data Processing","https://www.nasdaq.com/symbol/wuba",
"EGHT","8x8 Inc","16.36","1526746087.68","n/a","n/a","Technology","EDP Services","https://www.nasdaq.com/symbol/eght",
"ATEN","A10 Networks, Inc.","5.6","407160891.2","n/a","2014","Technology","Computer Communications Equipment","https://www.nasdaq.com/symbol/aten",
"AAN","Aaron&#39;s,  Inc.","44.1","3200703074.1","n/a","n/a","Technology","Diversified Commercial Services","https://www.nasdaq.com/symbol/aan",
"ACIA","Acacia Communications, Inc.","33.45","1356404089.65","n/a","2016","Technology","Semiconductors","https://www.nasdaq.com/symbol/acia",
"ACIW","ACI Worldwide, Inc.","24.4","2824544658.8","n/a","n/a","Technology","Computer Software: Prepackaged Software","https://www.nasdaq.com/symbol/aciw",
"ACMR","ACM Research, Inc.","9.47","150399509.6","n/a","2017","Technology","Industrial Machinery/Components","https://www.nasdaq.com/symbol/acmr",
"ATVI","Activision Blizzard, Inc","65.22","49724288044.14","n/a","n/a","Technology","Computer Software: Prepackaged Software","https://www.nasdaq.com/symbol/atvi",
"ATU","Actuant Corporation","23.18","1411548835.24","n/a","n/a","Technology","Industrial Machinery/Components","https://www.nasdaq.com/symbol/atu",
"IOTS","Adesto Technologies Corporation","3.775","110488519.55","n/a","2015","Technology","Semiconductors","https://www.nasdaq.com/symbol/iots",
"ADBE","Adobe Inc.","239.75","117030013098.25","n/a","1986","Technology","Computer Software: Prepackaged Software","https://www.nasdaq.com/symbol/adbe",
"AMD","Advanced Micro Devices, Inc.","16.85","16426600091.65","n/a","n/a","Technology","Semiconductors","https://www.nasdaq.com/symbol/amd",
"AER","Aercap Holdings N.V.","49.57","7357798380.59","n/a","2006","Technology","Diversified Commercial Services","https://www.nasdaq.com/symbol/aer",
"ACY","AeroCentury Corp.","14.02","19862119.98","n/a","n/a","Technology","Diversified Commercial Services","https://www.nasdaq.com/symbol/acy",
"HIVE","Aerohive Networks, Inc.","3.89","215206695.62","n/a","2014","Technology","EDP Services","https://www.nasdaq.com/symbol/hive",
"AGYS","Agilysys, Inc.","15.84","372643634.88","n/a","n/a","Technology","EDP Services","https://www.nasdaq.com/symbol/agys",
"AGMH","AGM Group Holdings Inc.","33","703429815","n/a","2018","Technology","EDP Services","https://www.nasdaq.com/symbol/agmh",
"AL","Air Lease Corporation","36.92","3842136841.4","n/a","2011","Technology","Diversified Commercial Services","https://www.nasdaq.com/symbol/al",
"AYR","Aircastle Limited","19","1485534152","n/a","2006","Technology","Diversified Commercial Services","https://www.nasdaq.com/symbol/ayr",
"AIRG","Airgain, Inc.","11.77","116430346.56","n/a","2016","Technology","Radio And Television Broadcasting And Communications Equipment","https://www.nasdaq.com/symbol/airg",
"AMCN","AirMedia Group Inc","0.37","16715767.13","45177749","2007","Technology","Advertising","https://www.nasdaq.com/symbol/amcn",
"ALRM","Alarm.com Holdings, Inc.","41.92","1999400600","n/a","2015","Technology","Computer Software: Prepackaged Software","https://www.nasdaq.com/symbol/alrm",
"ALLT","Allot Communications Ltd.","6.44","217120285.2","n/a","2006","Technology","Computer Communications Equipment","https://www.nasdaq.com/symbol/allt",
"MDRX","Allscripts Healthcare Solutions, Inc.","12.38","2161669819.2","n/a","n/a","Technology","EDP Services","https://www.nasdaq.com/symbol/mdrx",
"AOSL","Alpha and Omega Semiconductor Limited","9.19","219578370.15","n/a","2010","Technology","Semiconductors","https://www.nasdaq.com/symbol/aosl",
"GOOG","Alphabet Inc.","1020.08","709430955239.84","n/a","2004","Technology","Computer Software: Programming, Data Processing","https://www.nasdaq.com/symbol/goog",
"GOOGL","Alphabet Inc.","1034.73","719619532110.54","n/a","n/a","Technology","Computer Software: Programming, Data Processing","https://www.nasdaq.com/symbol/googl",
"AABA","Altaba Inc.","56.83","34411030778.68","n/a","n/a","Technology","EDP Services","https://www.nasdaq.com/symbol/aaba",
"ALTR","Altair Engineering Inc.","36.65","2562204285.4","n/a","2017","Technology","Computer Software: Prepackaged Software","https://www.nasdaq.com/symbol/altr",
"AYX","Alteryx, Inc.","44.23","2692515093.99","n/a","2017","Technology","Computer Software: Prepackaged Software","https://www.nasdaq.com/symbol/ayx",
"AMBA","Ambarella, Inc.","33.3","1067484813.3","n/a","2012","Technology","Semiconductors","https://www.nasdaq.com/symbol/amba",
"AMBR","Amber Road, Inc.","8.77","241356495.15","n/a","2014","Technology","Computer Software: Prepackaged Software","https://www.nasdaq.com/symbol/ambr",
"DOX","Amdocs Limited","61.61","8714364840","n/a","n/a","Technology","EDP Services","https://www.nasdaq.com/symbol/dox",
"AMRH","Ameri Holdings, Inc.","0.302","6907780.994","n/a","n/a","Technology","Semiconductors","https://www.nasdaq.com/symbol/amrh",
"AMRHW","Ameri Holdings, Inc.","0.1","0","n/a","n/a","Technology","Semiconductors","https://www.nasdaq.com/symbol/amrhw",
"AMSWA","American Software, Inc.","11.14","344296527.34","n/a","n/a","Technology","Computer Software: Prepackaged Software","https://www.nasdaq.com/symbol/amswa",
"AMKR","Amkor Technology, Inc.","6.03","1444416455.52","n/a","1998","Technology","Semiconductors","https://www.nasdaq.com/symbol/amkr",
"AMN","AMN Healthcare Services Inc","50.48","2397442248.24","n/a","n/a","Technology","Professional Services","https://www.nasdaq.com/symbol/amn",
"ASYS","Amtech Systems, Inc.","4.3","64447303.5","n/a","n/a","Technology","Industrial Machinery/Components","https://www.nasdaq.com/symbol/asys",
"ADI","Analog Devices, Inc.","80.41","29885981966.06","n/a","n/a","Technology","Semiconductors","https://www.nasdaq.com/symbol/adi",
"PLAN","Anaplan, Inc.","22.64","0","n/a","2018","Technology","Computer Software: Prepackaged Software","https://www.nasdaq.com/symbol/plan",
"ANSS","ANSYS, Inc.","143.81","12122868631.34","n/a","1996","Technology","Computer Software: Prepackaged Software","https://www.nasdaq.com/symbol/anss",
"APY","Apergy Corporation","37.82","2924992294.96","n/a","2018","Technology","Industrial Machinery/Components","https://www.nasdaq.com/symbol/apy",
"APPF","AppFolio, Inc.","59.81","2046823442.14","n/a","2015","Technology","Computer Software: Prepackaged Software","https://www.nasdaq.com/symbol/appf",
"APPN","Appian Corporation","23.51","1451363847.94","n/a","2017","Technology","Computer Software: Prepackaged Software","https://www.nasdaq.com/symbol/appn",
"AAPL","Apple Inc.","212.24","1025103494240","n/a","1980","Technology","Computer Manufacturing","https://www.nasdaq.com/symbol/aapl",
"AMAT","Applied Materials, Inc.","31.12","30590665013.52","n/a","1972","Technology","Semiconductors","https://www.nasdaq.com/symbol/amat",
"AAOI","Applied Optoelectronics, Inc.","20.32","400263278.72","n/a","2013","Technology","Semiconductors","https://www.nasdaq.com/symbol/aaoi",
"APTI","Apptio, Inc.","27.54","1227589881.84","n/a","2016","Technology","Computer Software: Prepackaged Software","https://www.nasdaq.com/symbol/apti",
"AQ","Aquantia Corp.","8.55","292924752.75","n/a","2017","Technology","Semiconductors","https://www.nasdaq.com/symbol/aq",
"ANET","Arista Networks, Inc.","217.86","16301088885.54","n/a","2014","Technology","Computer Communications Equipment","https://www.nasdaq.com/symbol/anet",
"ARRS","ARRIS International plc","23.82","4295477726.58","n/a","n/a","Technology","Radio And Television Broadcasting And Communications Equipment","https://www.nasdaq.com/symbol/arrs",
"ASX","ASE Technology Holding Co., Ltd.","3.81","7953761943.6","n/a","2018","Technology","Semiconductors","https://www.nasdaq.com/symbol/asx",
"ASGN","ASGN Incorporated","65.69","3439011551.08","n/a","1992","Technology","Professional Services","https://www.nasdaq.com/symbol/asgn",
"ASML","ASML Holding N.V.","163.37","11830037149.91","72412543","1995","Technology","Industrial Machinery/Components","https://www.nasdaq.com/symbol/asml",
"AZPN","Aspen Technology, Inc.","82.82","5861161213.14","n/a","1994","Technology","EDP Services","https://www.nasdaq.com/symbol/azpn",
"ALOT","AstroNova, Inc.","18.5","126880603.5","n/a","1983","Technology","Computer peripheral equipment","https://www.nasdaq.com/symbol/alot",
"ASUR","Asure Software Inc","10.14","154358350.38","n/a","n/a","Technology","EDP Services","https://www.nasdaq.com/symbol/asur",
"TEAM","Atlassian Corporation Plc","68.93","16220215112.58","n/a","2015","Technology","Computer Software: Prepackaged Software","https://www.nasdaq.com/symbol/team",
"ATOM","Atomera Incorporated","4.29","53232572.25","n/a","2016","Technology","Semiconductors","https://www.nasdaq.com/symbol/atom",
"ATTU","Attunity Ltd.","15.09","318258587.55","n/a","n/a","Technology","Computer Software: Prepackaged Software","https://www.nasdaq.com/symbol/attu",
"AUO","AU Optronics Corp","3.83","3686085877.13","n/a","2002","Technology","Semiconductors","https://www.nasdaq.com/symbol/auo",
"AEYE","AudioEye, Inc.","8.2","61334155","n/a","n/a","Technology","Computer Software: Prepackaged Software","https://www.nasdaq.com/symbol/aeye",
"JG","Aurora Mobile Limited","6.1","55266000","9060000","2018","Technology","Computer Software: Programming, Data Processing","https://www.nasdaq.com/symbol/jg",
"ADSK","Autodesk, Inc.","124.13","27136882654.29","n/a","n/a","Technology","Computer Software: Prepackaged Software","https://www.nasdaq.com/symbol/adsk",
"ATHM","Autohome Inc.","71.5","8375571204","n/a","2013","Technology","EDP Services","https://www.nasdaq.com/symbol/athm",
"ADP","Automatic Data Processing, Inc.","135.3","59185610487.3","n/a","n/a","Technology","EDP Services","https://www.nasdaq.com/symbol/adp",
"AUTO","AutoWeb, Inc.","2.37","30686641.5","n/a","n/a","Technology","Computer Software: Programming, Data Processing","https://www.nasdaq.com/symbol/auto",
"AVLR","Avalara, Inc.","31.51","2094540629.01","n/a","2018","Technology","Computer Software: Prepackaged Software","https://www.nasdaq.com/symbol/avlr",
"AVNW","Aviat Networks, Inc.","13.7","73576713.1","n/a","n/a","Technology","Radio And Television Broadcasting And Communications Equipment","https://www.nasdaq.com/symbol/avnw",
"AVID","Avid Technology, Inc.","5.17","216055923.38","n/a","1993","Technology","Computer Software: Prepackaged Software","https://www.nasdaq.com/symbol/avid",
"AWRE","Aware, Inc.","3.7","79837523.3","n/a","1996","Technology","Computer Software: Prepackaged Software","https://www.nasdaq.com/symbol/awre",
"ACLS","Axcelis Technologies, Inc.","15.99","517365180.54","n/a","2000","Technology","Industrial Machinery/Components","https://www.nasdaq.com/symbol/acls",
"AXTI","AXT Inc","6.15","242992182.6","n/a","1998","Technology","Semiconductors","https://www.nasdaq.com/symbol/axti",
"BOSC","B.O.S. Better Online Solutions","2.22","7889245.08","n/a","n/a","Technology","Computer Communications Equipment","https://www.nasdaq.com/symbol/bosc",
"BIDU","Baidu, Inc.","181.75","51023844335","280736420","2005","Technology","Computer Software: Programming, Data Processing","https://www.nasdaq.com/symbol/bidu",
"BAND","Bandwidth Inc.","48.87","920394708.84","n/a","2017","Technology","Computer Software: Prepackaged Software","https://www.nasdaq.com/symbol/band",
"BBSI","Barrett Business Services, Inc.","61.32","451310478.36","n/a","1993","Technology","Professional Services","https://www.nasdaq.com/symbol/bbsi",
"BHE","Benchmark Electronics, Inc.","22.14","1031412313.08","n/a","n/a","Technology","Electrical Products","https://www.nasdaq.com/symbol/bhe",
"BNFT","Benefitfocus, Inc.","33.67","1073620980.25","n/a","2013","Technology","Computer Software: Prepackaged Software","https://www.nasdaq.com/symbol/bnft",
"BGSF","BG Staffing Inc","23.56","237697523.24","n/a","n/a","Technology","Professional Services","https://www.nasdaq.com/symbol/bgsf",
"BILI","Bilibili Inc.","12.47","523740000","42000000","2018","Technology","EDP Services","https://www.nasdaq.com/symbol/bili",
"BKYI","BIO-key International, Inc.","1.02","12844001.16","n/a","n/a","Technology","Computer Communications Equipment","https://www.nasdaq.com/symbol/bkyi",
"BITA","Bitauto Holdings Limited","18.82","1368966160.12","n/a","2010","Technology","EDP Services","https://www.nasdaq.com/symbol/bita",
"BKTI","BK Technologies, Inc.","4.06","54832472.1","n/a","n/a","Technology","Radio And Television Broadcasting And Communications Equipment","https://www.nasdaq.com/symbol/bkti",
"BBOX","Black Box Corporation","0.96","14624795.52","n/a","n/a","Technology","Computer Communications Equipment","https://www.nasdaq.com/symbol/bbox",
"BKI","Black Knight, Inc.","43.43","6488634351.47","n/a","2017","Technology","Computer Software: Prepackaged Software","https://www.nasdaq.com/symbol/bki",
"BLKB","Blackbaud, Inc.","67.85","3296431931.35","n/a","2004","Technology","Computer Software: Prepackaged Software","https://www.nasdaq.com/symbol/blkb",
"BB","BlackBerry Limited","8.81","4737848477.98","n/a","n/a","Technology","Computer Software: Prepackaged Software","https://www.nasdaq.com/symbol/bb",
"BL","BlackLine, Inc.","41.81","2255180475.42","n/a","2016","Technology","Computer Software: Prepackaged Software","https://www.nasdaq.com/symbol/bl",
"BDR","Blonder Tongue Laboratories, Inc.","0.8601","8309028.7338","n/a","n/a","Technology","Radio And Television Broadcasting And Communications Equipment","https://www.nasdaq.com/symbol/bdr",
"BRQS","Borqs Technologies, Inc. ","3.56","111439926","n/a","2015","Technology","EDP Services","https://www.nasdaq.com/symbol/brqs",
"EPAY","Bottomline Technologies, Inc.","62.42","2676294639.9","n/a","1999","Technology","Computer Software: Prepackaged Software","https://www.nasdaq.com/symbol/epay",
"BOX","Box, Inc.","17.26","2444195314.14","n/a","2015","Technology","Computer Software: Prepackaged Software","https://www.nasdaq.com/symbol/box",
"BLIN          ","Bridgeline Digital, Inc.","0.3941","2232665.1725","n/a","n/a","Technology","Computer Software: Prepackaged Software","https://www.nasdaq.com/symbol/blin",
"BCOV","Brightcove Inc.","7.98","286624770.18","n/a","2012","Technology","EDP Services","https://www.nasdaq.com/symbol/bcov",
"AVGO","Broadcom Inc.","211.5","87443988682.5","n/a","2009","Technology","Semiconductors","https://www.nasdaq.com/symbol/avgo",
"BVSN","BroadVision, Inc.","1.7423","8707982.2963","n/a","1996","Technology","Computer Software: Prepackaged Software","https://www.nasdaq.com/symbol/bvsn",
"BRKS","Brooks Automation, Inc.","29.25","2066201104.5","n/a","1995","Technology","Industrial Machinery/Components","https://www.nasdaq.com/symbol/brks",
"CA","CA Inc.","44.17","18470387096.28","n/a","n/a","Technology","Computer Software: Prepackaged Software","https://www.nasdaq.com/symbol/ca",
"CCMP","Cabot Microelectronics Corporation","95.91","2446310959.38","n/a","2000","Technology","Semiconductors","https://www.nasdaq.com/symbol/ccmp",
"CACI","CACI International, Inc.","171.91","4251713705.37","n/a","n/a","Technology","EDP Services","https://www.nasdaq.com/symbol/caci",
"CDNS","Cadence Design Systems, Inc.","44.2","12470676400","n/a","n/a","Technology","Computer Software: Prepackaged Software","https://www.nasdaq.com/symbol/cdns",
"CAI","CAI International, Inc.","19.8","382266264.6","n/a","n/a","Technology","Diversified Commercial Services","https://www.nasdaq.com/symbol/cai",
"CAMP","CalAmp Corp.","19.18","666715116.9","n/a","1983","Technology","Radio And Television Broadcasting And Communications Equipment","https://www.nasdaq.com/symbol/camp",
"CSIQ","Canadian Solar Inc.","13.14","769764392.1","n/a","2006","Technology","Semiconductors","https://www.nasdaq.com/symbol/csiq",
"CBLK","Carbon Black, Inc.","16.26","1102967685.66","n/a","2018","Technology","Computer Software: Prepackaged Software","https://www.nasdaq.com/symbol/cblk",
"CARB","Carbonite, Inc.","32.19","1082030056.83","n/a","2011","Technology","EDP Services","https://www.nasdaq.com/symbol/carb",
"CDLX","Cardlytics, Inc.","19.03","405284764.5","n/a","2018","Technology","Computer Software: Programming, Data Processing","https://www.nasdaq.com/symbol/cdlx",
"CARG","CarGurus, Inc.","40.89","4476007698.45","n/a","2017","Technology","EDP Services","https://www.nasdaq.com/symbol/carg",
"CARS","Cars.com Inc.","25.01","1744013751.57","n/a","2017","Technology","EDP Services","https://www.nasdaq.com/symbol/cars",
"CASA","Casa Systems, Inc.","13.4","1156960261.2","n/a","2017","Technology","Radio And Television Broadcasting And Communications Equipment","https://www.nasdaq.com/symbol/casa",
"CSLT","Castlight Health, inc.","2.3","316848404.8","n/a","2014","Technology","EDP Services","https://www.nasdaq.com/symbol/cslt",
"CLS","Celestica, Inc.","9.97","1184518551.6","n/a","1998","Technology","Electrical Products","https://www.nasdaq.com/symbol/cls",
"CRNT","Ceragon Networks Ltd.","3.25","254703774","n/a","n/a","Technology","Radio And Television Broadcasting And Communications Equipment","https://www.nasdaq.com/symbol/crnt",
"CDAY","Ceridian HCM Holding Inc.","35.68","4819493768.64","n/a","2018","Technology","Computer Software: Prepackaged Software","https://www.nasdaq.com/symbol/cday",
"CERN","Cerner Corporation","58.4","19213855266.4","n/a","1986","Technology","EDP Services","https://www.nasdaq.com/symbol/cern",
"CEVA","CEVA, Inc.","23.41","515755635.84","n/a","n/a","Technology","Semiconductors","https://www.nasdaq.com/symbol/ceva",
"CYOU","Changyou.com Limited","12.95","253380425.2","19566056","2009","Technology","Computer Software: Prepackaged Software","https://www.nasdaq.com/symbol/cyou",
"ECOM          ","ChannelAdvisor Corporation","11.53","314568366.47","n/a","2013","Technology","Computer Software: Prepackaged Software","https://www.nasdaq.com/symbol/ecom",
"CHKP","Check Point Software Technologies Ltd.","106.84","16991266065.92","n/a","1996","Technology","Computer Software: Prepackaged Software","https://www.nasdaq.com/symbol/chkp",
"CMCM","Cheetah Mobile Inc.","8.36","1192679090.68","n/a","2014","Technology","Computer Software: Prepackaged Software","https://www.nasdaq.com/symbol/cmcm",
"CVR","Chicago Rivet & Machine Co.","32.6596","31553484.6672","n/a","n/a","Technology","Industrial Machinery/Components","https://www.nasdaq.com/symbol/cvr",
"CCIH","ChinaCache International Holdings Ltd.","1.0601","25613584.948","24161480","2010","Technology","EDP Services","https://www.nasdaq.com/symbol/ccih",
"CNET","ChinaNet Online Holdings, Inc.","1.92","30974482.56","n/a","n/a","Technology","Computer Software: Programming, Data Processing","https://www.nasdaq.com/symbol/cnet",
"IMOS","ChipMOS TECHNOLOGIES INC.","13.38","93881024.22","7016519","n/a","Technology","Semiconductors","https://www.nasdaq.com/symbol/imos",
"CRUS","Cirrus Logic, Inc.","35.91","2191270214.7","n/a","1989","Technology","Semiconductors","https://www.nasdaq.com/symbol/crus",
"CSCO","Cisco Systems, Inc.","43.84","198603356914.24","n/a","1990","Technology","Computer Communications Equipment","https://www.nasdaq.com/symbol/csco",
"CISN","Cision Ltd.","14.16","1879223938.8","n/a","2017","Technology","Computer Software: Prepackaged Software","https://www.nasdaq.com/symbol/cisn",
"CTXS","Citrix Systems, Inc.","101.31","13743557164.26","n/a","1995","Technology","Computer Software: Prepackaged Software","https://www.nasdaq.com/symbol/ctxs",
"CLDR","Cloudera, Inc.","12.88","1973364673.84","n/a","2017","Technology","Computer Software: Prepackaged Software","https://www.nasdaq.com/symbol/cldr",
"CLPS","CLPS Incorporation","6.63","91585633.23","n/a","2018","Technology","Computer Software: Prepackaged Software","https://www.nasdaq.com/symbol/clps",
"CTSH","Cognizant Technology Solutions Corporation","69.22","40163785989.48","n/a","1998","Technology","EDP Services","https://www.nasdaq.com/symbol/ctsh",
"CCNI","Command Center, Inc.","5","24392960","n/a","n/a","Technology","Professional Services","https://www.nasdaq.com/symbol/ccni",
"COMM","CommScope Holding Company, Inc.","23.47","4511289664.38","n/a","2013","Technology","Radio And Television Broadcasting And Communications Equipment","https://www.nasdaq.com/symbol/comm",
"CVLT","Commvault Systems, Inc.","55.15","2522273833.95","n/a","2006","Technology","Computer Software: Prepackaged Software","https://www.nasdaq.com/symbol/cvlt",
"CPSI","Computer Programs and Systems, Inc.","25.06","352994884.34","n/a","2002","Technology","EDP Services","https://www.nasdaq.com/symbol/cpsi",
"CTG","Computer Task Group, Incorporated","4.42","63963075.28","n/a","n/a","Technology","EDP Services","https://www.nasdaq.com/symbol/ctg",
"CMTL","Comtech Telecommunications Corp.","27.51","656216965.11","n/a","n/a","Technology","Radio And Television Broadcasting And Communications Equipment","https://www.nasdaq.com/symbol/cmtl",
"CVON","ConvergeOne Holdings, Inc.","9.11","695988594.99","n/a","2017","Technology","Computer Software: Prepackaged Software","https://www.nasdaq.com/symbol/cvon",
"CTK","CooTek (Cayman) Inc.","6.2","51119000","n/a","2018","Technology","EDP Services","https://www.nasdaq.com/symbol/ctk",
"CLGX","CoreLogic, Inc.","39.5","3182177788.5","n/a","n/a","Technology","EDP Services","https://www.nasdaq.com/symbol/clgx",
"CSOD","Cornerstone OnDemand, Inc.","47.73","2804903757.42","n/a","2011","Technology","Computer Software: Prepackaged Software","https://www.nasdaq.com/symbol/csod",
"CPAH","CounterPath Corporation","2.1219","12585858.879","n/a","n/a","Technology","Computer Software: Prepackaged Software","https://www.nasdaq.com/symbol/cpah",
"COUP","Coupa Software Incorporated","58.12","3374593488.04","n/a","2016","Technology","Computer Software: Prepackaged Software","https://www.nasdaq.com/symbol/coup",
"CRAY","Cray Inc","19.54","797756531.76","n/a","n/a","Technology","Computer Manufacturing","https://www.nasdaq.com/symbol/cray",
"CREE","Cree, Inc.","36.47","3740338874.51","n/a","1993","Technology","Semiconductors","https://www.nasdaq.com/symbol/cree",
"CRTO","Criteo S.A.","19.99","1314693064.63","65767537","2013","Technology","Advertising","https://www.nasdaq.com/symbol/crto",
"CCRN","Cross Country Healthcare, Inc.","8.64","313586328.96","n/a","2001","Technology","Professional Services","https://www.nasdaq.com/symbol/ccrn",
"CSGS","CSG Systems International, Inc.","33.58","1125410496.22","n/a","1996","Technology","EDP Services","https://www.nasdaq.com/symbol/csgs",
"CSPI","CSP Inc.","13.17","52907235.18","n/a","1982","Technology","EDP Services","https://www.nasdaq.com/symbol/cspi",
"CTS","CTS Corporation","26.75","885078400.25","n/a","n/a","Technology","Electrical Products","https://www.nasdaq.com/symbol/cts",
"CW","Curtiss-Wright Corporation","107.38","4722729496.94","n/a","n/a","Technology","Industrial Machinery/Components","https://www.nasdaq.com/symbol/cw",
"CVV","CVD Equipment Corporation","5.37","34875905.34","n/a","n/a","Technology","Industrial Machinery/Components","https://www.nasdaq.com/symbol/cvv",
"CYBR","CyberArk Software Ltd.","67.87","2414707569.01","n/a","2014","Technology","Computer Software: Prepackaged Software","https://www.nasdaq.com/symbol/cybr",
"CY","Cypress Semiconductor Corporation","12.38","4475854181.8","n/a","1986","Technology","Semiconductors","https://www.nasdaq.com/symbol/cy",
"CYRN","CYREN Ltd.","3.31","177861688.19","n/a","n/a","Technology","Computer Software: Prepackaged Software","https://www.nasdaq.com/symbol/cyrn",
"DQ","DAQO New Energy Corp.","20.92","269110926.12","n/a","2010","Technology","Semiconductors","https://www.nasdaq.com/symbol/dq",
"DWCH","Datawatch Corporation","9.35","119054307.35","n/a","1992","Technology","Computer Software: Prepackaged Software","https://www.nasdaq.com/symbol/dwch",
"DVMT","Dell Technologies Inc.","86.76","17296177835.16","n/a","n/a","Technology","Computer Manufacturing","https://www.nasdaq.com/symbol/dvmt",
"DTRM","Determine, Inc. ","0.4801","7221676.6826","n/a","n/a","Technology","Computer Software: Prepackaged Software","https://www.nasdaq.com/symbol/dtrm",
"DGII","Digi International Inc.","11.72","319284361.96","n/a","1989","Technology","Computer Communications Equipment","https://www.nasdaq.com/symbol/dgii",
"DMRC","Digimarc Corporation","26.32","312692259.6","n/a","n/a","Technology","EDP Services","https://www.nasdaq.com/symbol/dmrc",
"DGLY","Digital Ally, Inc.","3.03","31394539.02","n/a","n/a","Technology","Radio And Television Broadcasting And Communications Equipment","https://www.nasdaq.com/symbol/dgly",
"DIOD","Diodes Incorporated","28.4","1422507975.6","n/a","n/a","Technology","Semiconductors","https://www.nasdaq.com/symbol/diod",
"DLHC","DLH Holdings Corp.","5.305","63126815.67","n/a","n/a","Technology","Professional Services","https://www.nasdaq.com/symbol/dlhc",
"DOCU","DocuSign, Inc.","40.35","6327226566.15","n/a","2018","Technology","Computer Software: Prepackaged Software","https://www.nasdaq.com/symbol/docu",
"DOMO","Domo, Inc.","16.46","433511464.2","n/a","2018","Technology","Computer Software: Prepackaged Software","https://www.nasdaq.com/symbol/domo",
"DOV","Dover Corporation","81.6","11940746198.4","n/a","n/a","Technology","Industrial Machinery/Components","https://www.nasdaq.com/symbol/dov",
"DBX","Dropbox, Inc.","22.01","8854765338.67","n/a","2018","Technology","Computer Software: Prepackaged Software","https://www.nasdaq.com/symbol/dbx",
"DSPG","DSP Group, Inc.","11.54","258946844.72","n/a","1994","Technology","Semiconductors","https://www.nasdaq.com/symbol/dspg",
"DXC","DXC Technology Company","69.54","19551917164.2","n/a","n/a","Technology","EDP Services","https://www.nasdaq.com/symbol/dxc",
"ETN","Eaton Corporation, PLC","71.03","30777299000","n/a","n/a","Technology","Industrial Machinery/Components","https://www.nasdaq.com/symbol/etn",
"EBIX","Ebix, Inc.","54.56","1723143873.44","n/a","n/a","Technology","EDP Services","https://www.nasdaq.com/symbol/ebix",
"SATS","EchoStar Corporation","38.23","3676327928.9","n/a","n/a","Technology","Radio And Television Broadcasting And Communications Equipment","https://www.nasdaq.com/symbol/sats",
"EDGW","Edgewater Technology, Inc.","4.74","69258846.54","n/a","n/a","Technology","Computer Software: Programming, Data Processing","https://www.nasdaq.com/symbol/edgw",
"EGAN","eGain Corporation","6.64","185044336.72","n/a","1999","Technology","Computer Software: Prepackaged Software","https://www.nasdaq.com/symbol/egan",
"ESTC","Elastic N.V.","62.44","0","n/a","2018","Technology","Computer Software: Prepackaged Software","https://www.nasdaq.com/symbol/estc",
"EA","Electronic Arts Inc.","91.19","27796377129.4","n/a","n/a","Technology","Computer Software: Prepackaged Software","https://www.nasdaq.com/symbol/ea",
"EFII","Electronics for Imaging, Inc.","28.38","1259372205.96","n/a","1992","Technology","Computer Communications Equipment","https://www.nasdaq.com/symbol/efii",
"ELLI","Ellie Mae, Inc.","64.95","2249865531.9","n/a","2011","Technology","Computer Software: Prepackaged Software","https://www.nasdaq.com/symbol/elli",
"ELTK","Eltek Ltd.","3.2","6491366.4","n/a","1997","Technology","Electrical Products","https://www.nasdaq.com/symbol/eltk",
"EMAN","eMagin Corporation","1.26","56840203.98","n/a","n/a","Technology","Semiconductors","https://www.nasdaq.com/symbol/eman",
"EMKR","EMCORE Corporation","4.9","134719845.4","n/a","1997","Technology","Semiconductors","https://www.nasdaq.com/symbol/emkr",
"DAVA","Endava plc","23.38","1239914813.2","n/a","2018","Technology","EDP Services","https://www.nasdaq.com/symbol/dava",
"EIGI","Endurance International Group Holdings, Inc.","9.64","1381473802.04","n/a","2013","Technology","Computer Software: Prepackaged Software","https://www.nasdaq.com/symbol/eigi",
"WATT","Energous Corporation","8.48","217255352.8","n/a","2014","Technology","Radio And Television Broadcasting And Communications Equipment","https://www.nasdaq.com/symbol/watt",
"ERII","Energy Recovery, Inc.","7.05","377738027.1","n/a","2008","Technology","Industrial Machinery/Components","https://www.nasdaq.com/symbol/erii",
"ENPH","Enphase Energy, Inc.","4.15","433046478.35","n/a","2012","Technology","Semiconductors","https://www.nasdaq.com/symbol/enph",
"EPAM","EPAM Systems, Inc.","112.49","6049934142.77","n/a","2012","Technology","EDP Services","https://www.nasdaq.com/symbol/epam",
"PLUS","ePlus inc.","83.24","1142065868.68","n/a","1996","Technology","Retail: Computer Software & Peripheral Equipment","https://www.nasdaq.com/symbol/plus",
"ERIC","Ericsson","8.55","2660760863.55","311200101","n/a","Technology","Radio And Television Broadcasting And Communications Equipment","https://www.nasdaq.com/symbol/eric",
"EB","Eventbrite, Inc.","25.88","1969709046.32","n/a","2018","Technology","Computer Software: Programming, Data Processing","https://www.nasdaq.com/symbol/eb",
"EVBG","Everbridge, Inc.","48.86","1435790041.42","n/a","2016","Technology","Computer Software: Prepackaged Software","https://www.nasdaq.com/symbol/evbg",
"EVER","EverQuote, Inc.","12.52","312234877.76","n/a","2018","Technology","Computer Software: Programming, Data Processing","https://www.nasdaq.com/symbol/ever",
"MRAM","Everspin Technologies, Inc.","6.53","110383851.36","n/a","2016","Technology","Semiconductors","https://www.nasdaq.com/symbol/mram",
"EVTC","Evertec, Inc.","23.07","1677584373.66","n/a","2013","Technology","EDP Services","https://www.nasdaq.com/symbol/evtc",
"EVOL","Evolving Systems, Inc.","1.61","19508392.54","n/a","1998","Technology","EDP Services","https://www.nasdaq.com/symbol/evol",
"AQUA","Evoqua Water Technologies Corp.","13.8","1571692750.2","n/a","2017","Technology","Industrial Machinery/Components","https://www.nasdaq.com/symbol/aqua",
"EXTN","Exterran Corporation","21","758627835","n/a","2015","Technology","Diversified Commercial Services","https://www.nasdaq.com/symbol/extn",
"EXTR","Extreme Networks, Inc.","4.96","586868192","n/a","1999","Technology","Computer Communications Equipment","https://www.nasdaq.com/symbol/extr",
"FFIV","F5 Networks, Inc.","168.59","10151646850","n/a","1999","Technology","Computer Communications Equipment","https://www.nasdaq.com/symbol/ffiv",
"FB","Facebook, Inc.","142.09","410244899967.76","n/a","2012","Technology","Computer Software: Programming, Data Processing","https://www.nasdaq.com/symbol/fb",
"FDS","FactSet Research Systems Inc.","212.85","8164595869.65","n/a","1996","Technology","Computer Software: Programming, Data Processing","https://www.nasdaq.com/symbol/fds",
"SFUN","Fang Holdings Limited","1.96","872063574.2","n/a","2010","Technology","EDP Services","https://www.nasdaq.com/symbol/sfun",
"FNSR","Finisar Corporation","16","1875382160","n/a","1999","Technology","Semiconductors","https://www.nasdaq.com/symbol/fnsr",
"FEYE","FireEye, Inc.","16.41","3200024878.83","n/a","2013","Technology","Computer peripheral equipment","https://www.nasdaq.com/symbol/feye",
"FSLR","First Solar, Inc.","36.915","3869244875.955","n/a","2006","Technology","Semiconductors","https://www.nasdaq.com/symbol/fslr",
"FISV","Fiserv, Inc.","77.18","31252273114.92","n/a","1986","Technology","EDP Services","https://www.nasdaq.com/symbol/fisv",
"FIT","Fitbit, Inc.","4.33","1062460314.01","n/a","2015","Technology","Computer Manufacturing","https://www.nasdaq.com/symbol/fit",
"FIVN","Five9, Inc.","36.18","2109466614.78","n/a","2014","Technology","EDP Services","https://www.nasdaq.com/symbol/fivn",
"FLEX","Flex Ltd.","6.94","3697368571.48","n/a","1994","Technology","Electrical Products","https://www.nasdaq.com/symbol/flex",
"FPAY","FlexShopper, Inc.","0.7828","4281525.3828","n/a","n/a","Technology","Diversified Commercial Services","https://www.nasdaq.com/symbol/fpay",
"FPAYW","FlexShopper, Inc.","0.24","0","n/a","n/a","Technology","Diversified Commercial Services","https://www.nasdaq.com/symbol/fpayw",
"FSCT","ForeScout Technologies, Inc.","26.44","1106201928.68","n/a","2017","Technology","Computer peripheral equipment","https://www.nasdaq.com/symbol/fsct",
"FRSX","Foresight Autonomous Holdings Ltd.","2.0499","2981368.4103","1454397","n/a","Technology","Computer Software: Prepackaged Software","https://www.nasdaq.com/symbol/frsx",
"FORM","FormFactor, Inc.","11.58","855327078.36","n/a","2003","Technology","Semiconductors","https://www.nasdaq.com/symbol/form",
"FORTY","Formula Systems (1985) Ltd.","38.8003","6520274.0141","168047","n/a","Technology","EDP Services","https://www.nasdaq.com/symbol/forty",
"FTNT","Fortinet, Inc.","77.54","13114879723.32","n/a","2009","Technology","Computer peripheral equipment","https://www.nasdaq.com/symbol/ftnt",
"FSNN","Fusion Connect, Inc.","2.33","182821206.21","n/a","n/a","Technology","Computer Software: Prepackaged Software","https://www.nasdaq.com/symbol/fsnn",
"GDI","Gardner Denver Holdings, Inc.","25.58","5093482463.18","n/a","2017","Technology","Industrial Machinery/Components","https://www.nasdaq.com/symbol/gdi",
"GTES","Gates Industrial Corporation plc","14.25","4129028400.75","n/a","2018","Technology","Industrial Machinery/Components","https://www.nasdaq.com/symbol/gtes",
"GDS","GDS Holdings Limited","22.18","1088211728.46","49062747","2016","Technology","Computer Software: Programming, Data Processing","https://www.nasdaq.com/symbol/gds",
"JOB","GEE Group Inc.","2.49","26908077.93","n/a","n/a","Technology","Diversified Commercial Services","https://www.nasdaq.com/symbol/job",
"GFN","General Finance Corporation","12.95","346503849.3","n/a","n/a","Technology","Diversified Commercial Services","https://www.nasdaq.com/symbol/gfn",
"GFNCP","General Finance Corporation","101.698","0","n/a","n/a","Technology","Diversified Commercial Services","https://www.nasdaq.com/symbol/gfncp",
"GFNSL","General Finance Corporation","25.202","0","n/a","n/a","Technology","Diversified Commercial Services","https://www.nasdaq.com/symbol/gfnsl",
"GIGM","GigaMedia Limited","2.79","30835735.65","n/a","n/a","Technology","Computer Software: Programming, Data Processing","https://www.nasdaq.com/symbol/gigm",
"GILT","Gilat Satellite Networks Ltd.","9.28","508545048.64","n/a","n/a","Technology","Radio And Television Broadcasting And Communications Equipment","https://www.nasdaq.com/symbol/gilt",
"GSB","GlobalSCAPE, Inc.","3.9","85391010.9","n/a","n/a","Technology","Computer Software: Prepackaged Software","https://www.nasdaq.com/symbol/gsb",
"GLOB","Globant S.A.","47.06","1683213420.46","n/a","2014","Technology","EDP Services","https://www.nasdaq.com/symbol/glob",
"GLUU","Glu Mobile Inc.","6.55","928818243.6","n/a","2007","Technology","EDP Services","https://www.nasdaq.com/symbol/gluu",
"GDDY","GoDaddy Inc.","67.75","11673479944.25","n/a","2015","Technology","EDP Services","https://www.nasdaq.com/symbol/gddy",
"GHM","Graham Corporation","23.51","231138000.76","n/a","n/a","Technology","Industrial Machinery/Components","https://www.nasdaq.com/symbol/ghm",
"GEC","Great Elm Capital Group, Inc. ","3.39","87811170","n/a","n/a","Technology","Computer Software: Prepackaged Software","https://www.nasdaq.com/symbol/gec",
"GRNQ","Greenpro Capital Corp.","6.03","329933180.61","n/a","n/a","Technology","EDP Services","https://www.nasdaq.com/symbol/grnq",
"GSUM","Gridsum Holding Inc.","5.96","94591881.16","15871121","2016","Technology","Computer Software: Prepackaged Software","https://www.nasdaq.com/symbol/gsum",
"GRPN","Groupon, Inc.","3.09","1756343575.11","n/a","2011","Technology","Advertising","https://www.nasdaq.com/symbol/grpn",
"GVP","GSE Systems, Inc.","3.0867","60909403.5285","n/a","n/a","Technology","Computer Software: Prepackaged Software","https://www.nasdaq.com/symbol/gvp",
"GSIT","GSI Technology, Inc.","5.91","128655936.54","n/a","2007","Technology","Semiconductors","https://www.nasdaq.com/symbol/gsit",
"GWRE","Guidewire Software, Inc.","82.33","6636482903.27","n/a","2012","Technology","Computer Software: Prepackaged Software","https://www.nasdaq.com/symbol/gwre",
"HQCL","Hanwha Q CELLS Co., Ltd. ","9.68","53254762","5501525","n/a","Technology","Semiconductors","https://www.nasdaq.com/symbol/hqcl",
"HLIT","Harmonic Inc.","5.57","479195081.81","n/a","1995","Technology","Radio And Television Broadcasting And Communications Equipment","https://www.nasdaq.com/symbol/hlit",
"HHS","Harte-Hanks, Inc.","5.45","34073225.6","n/a","1993","Technology","Advertising","https://www.nasdaq.com/symbol/hhs",
"HSTM","HealthStream, Inc.","26.24","848150376.96","n/a","2000","Technology","Computer Software: Programming, Data Processing","https://www.nasdaq.com/symbol/hstm",
"HSII","Heidrick & Struggles International, Inc.","29.36","556626521.84","n/a","1999","Technology","Diversified Commercial Services","https://www.nasdaq.com/symbol/hsii",
"HPE","Hewlett Packard Enterprise Company","14.57","21441915483.31","n/a","2015","Technology","Computer Manufacturing","https://www.nasdaq.com/symbol/hpe",
"HIMX","Himax Technologies, Inc.","5.41","584630806.04","108064844","2006","Technology","Semiconductors","https://www.nasdaq.com/symbol/himx",
"HDP","Hortonworks, Inc.","16.63","1380802220.63","n/a","2014","Technology","Computer Software: Prepackaged Software","https://www.nasdaq.com/symbol/hdp",
"HPQ","HP Inc.","23.02","36427043854.16","n/a","n/a","Technology","Computer Manufacturing","https://www.nasdaq.com/symbol/hpq",
"HMI","Huami Corporation","9.5","564624102","n/a","2018","Technology","Computer Manufacturing","https://www.nasdaq.com/symbol/hmi",
"HUBS","HubSpot, Inc.","124.58","4832835801.98","n/a","2014","Technology","Computer Software: Prepackaged Software","https://www.nasdaq.com/symbol/hubs",
"HSON","Hudson Global, Inc.","1.6","51249491.2","n/a","n/a","Technology","Professional Services","https://www.nasdaq.com/symbol/hson",
"HUYA","HUYA Inc.","17.37","3539954897.46","n/a","2018","Technology","Computer Software: Programming, Data Processing","https://www.nasdaq.com/symbol/huya",
"ICHR","Ichor Holdings","15.55","378778251.5","n/a","2016","Technology","Semiconductors","https://www.nasdaq.com/symbol/ichr",
"ICLK","iClick Interactive Asia Group Limited","2.82","37804660.56","13405908","2017","Technology","Computer Software: Prepackaged Software","https://www.nasdaq.com/symbol/iclk",
"INVE","Identiv, Inc.","5.8","89049667.8","n/a","n/a","Technology","Computer peripheral equipment","https://www.nasdaq.com/symbol/inve",
"IEC","IEC Electronics Corp.","5.09","52373178.34","n/a","n/a","Technology","Electrical Products","https://www.nasdaq.com/symbol/iec",
"INFO","IHS Markit Ltd.","50.42","19873810846.18","n/a","1996","Technology","Computer Software: Programming, Data Processing","https://www.nasdaq.com/symbol/info",
"ITW","Illinois Tool Works Inc.","125.82","42194111566.14","n/a","n/a","Technology","Industrial Machinery/Components","https://www.nasdaq.com/symbol/itw",
"IMMR","Immersion Corporation","9.25","284626681","n/a","1999","Technology","Computer peripheral equipment","https://www.nasdaq.com/symbol/immr",
"IMPV","Imperva, Inc.","55.28","1943156069.52","n/a","n/a","Technology","Computer Software: Prepackaged Software","https://www.nasdaq.com/symbol/impv",
"INFY","Infosys Limited","8.97","38996775276.42","n/a","n/a","Technology","EDP Services","https://www.nasdaq.com/symbol/infy",
"INOD","Innodata Inc.","1.47","38039857.38","n/a","1993","Technology","EDP Services","https://www.nasdaq.com/symbol/inod",
"ISSC","Innovative Solutions and Support, Inc.","2.44","41091061.56","n/a","2000","Technology","EDP Services","https://www.nasdaq.com/symbol/issc",
"INOV","Inovalon Holdings, Inc.","9.83","1500685576.69","n/a","2015","Technology","EDP Services","https://www.nasdaq.com/symbol/inov",
"IPHI","Inphi Corporation","31.02","1360242323.88","n/a","2010","Technology","Semiconductors","https://www.nasdaq.com/symbol/iphi",
"INPX","Inpixon ","0.2055","12764659.0095","n/a","2014","Technology","EDP Services","https://www.nasdaq.com/symbol/inpx",
"NSP","Insperity, Inc.","106.46","4463209344.9","n/a","n/a","Technology","Professional Services","https://www.nasdaq.com/symbol/nsp",
"INSE","Inspired Entertainment, Inc.","6.51","139865442.57","n/a","2014","Technology","Computer Software: Prepackaged Software","https://www.nasdaq.com/symbol/inse",
"INST","Instructure, Inc.","30.75","1071001128.75","n/a","2015","Technology","Computer Software: Prepackaged Software","https://www.nasdaq.com/symbol/inst",
"IDTI","Integrated Device Technology, Inc.","46.21","5953092019.41","n/a","1984","Technology","Semiconductors","https://www.nasdaq.com/symbol/idti",
"INTC","Intel Corporation","45.4","209339400000","n/a","n/a","Technology","Semiconductors","https://www.nasdaq.com/symbol/intc",
"IDN","Intellicheck, Inc.","2.48","38767846.08","n/a","1999","Technology","Computer Software: Prepackaged Software","https://www.nasdaq.com/symbol/idn",
"INS","Intelligent Systems Corporation","9.7536","85812055.7568","n/a","1992","Technology","Computer Software: Prepackaged Software","https://www.nasdaq.com/symbol/ins",
"LINK","Interlink Electronics, Inc.","3.6001","23338670.6784","n/a","n/a","Technology","Computer peripheral equipment","https://www.nasdaq.com/symbol/link",
"IMI","Intermolecular, Inc.","0.97","48249685.68","n/a","2011","Technology","Semiconductors","https://www.nasdaq.com/symbol/imi",
"INAP","Internap Corporation","8.51","216400458.11","n/a","1999","Technology","Computer Software: Programming, Data Processing","https://www.nasdaq.com/symbol/inap",
"IBM","International Business Machines Corporation","119.64","109203586131.96","n/a","n/a","Technology","Computer Manufacturing","https://www.nasdaq.com/symbol/ibm",
"IIJI","Internet Initiative Japan, Inc.","9.04","14388082.08","1591602","n/a","Technology","Computer Software: Programming, Data Processing","https://www.nasdaq.com/symbol/iiji",
"IPG","Interpublic Group of Companies, Inc. (The)","22.96","8824710440","n/a","n/a","Technology","Advertising","https://www.nasdaq.com/symbol/ipg",
"INTX","Intersections, Inc.","1.73","42136757.11","n/a","2004","Technology","EDP Services","https://www.nasdaq.com/symbol/intx",
"INXN","InterXion Holding N.V.","57.18","4094602620","n/a","2011","Technology","Computer Software: Programming, Data Processing","https://www.nasdaq.com/symbol/inxn",
"IVAC","Intevac, Inc.","4.26","96204964.5","n/a","1995","Technology","Industrial Machinery/Components","https://www.nasdaq.com/symbol/ivac",
"INTU","Intuit Inc.","200.67","51907633985.4","n/a","1993","Technology","Computer Software: Prepackaged Software","https://www.nasdaq.com/symbol/intu",
"IPAS","iPass Inc.","1.85","15536107.6","n/a","2003","Technology","EDP Services","https://www.nasdaq.com/symbol/ipas",
"IPGP","IPG Photonics Corporation","131.33","7138244629.68","n/a","2006","Technology","Semiconductors","https://www.nasdaq.com/symbol/ipgp",
"JCOM","j2 Global, Inc.","72.23","3556799570.93","n/a","1999","Technology","Telecommunications Equipment","https://www.nasdaq.com/symbol/jcom",
"JBL","Jabil Inc.","23.63","3825199139.53","n/a","1993","Technology","Electrical Products","https://www.nasdaq.com/symbol/jbl",
"JKHY","Jack Henry & Associates, Inc.","146.08","11287086814.08","n/a","1985","Technology","EDP Services","https://www.nasdaq.com/symbol/jkhy",
"JT","Jianpu Technology Inc.","4.76","799801465.68","n/a","2017","Technology","Computer Software: Programming, Data Processing","https://www.nasdaq.com/symbol/jt",
"JKS","JinkoSolar Holding Company Limited","7.26","283970253.6","n/a","2010","Technology","Semiconductors","https://www.nasdaq.com/symbol/jks",
"JMU","JMU Limited","1.14","2184104.34","1915881","2015","Technology","EDP Services","https://www.nasdaq.com/symbol/jmu",
"JBT","John Bean Technologies Corporation","98.28","3106160825.04","n/a","n/a","Technology","Industrial Machinery/Components","https://www.nasdaq.com/symbol/jbt",
"JNPR","Juniper Networks, Inc.","28.05","9671500030.5","n/a","1999","Technology","Computer Communications Equipment","https://www.nasdaq.com/symbol/jnpr",
"KAI","Kadant Inc","94.79","1052026151.47","n/a","n/a","Technology","Industrial Machinery/Components","https://www.nasdaq.com/symbol/kai",
"KELYA","Kelly Services, Inc.","22.9","888624332.4","n/a","n/a","Technology","Professional Services","https://www.nasdaq.com/symbol/kelya",
"KELYB","Kelly Services, Inc.","23.4","908026610.4","n/a","n/a","Technology","Professional Services","https://www.nasdaq.com/symbol/kelyb",
"KTCC","Key Tronic Corporation","7","75317760","n/a","1983","Technology","Computer peripheral equipment","https://www.nasdaq.com/symbol/ktcc",
"KFRC","Kforce, Inc.","34.16","892442912.48","n/a","1995","Technology","Professional Services","https://www.nasdaq.com/symbol/kfrc",
"KE","Kimball Electronics, Inc.","18.09","482906200.41","n/a","n/a","Technology","Electrical Products","https://www.nasdaq.com/symbol/ke",
"KOPN","Kopin Corporation","2.23","170879331.69","n/a","1992","Technology","Semiconductors","https://www.nasdaq.com/symbol/kopn",
"KFY","Korn/Ferry International","43.19","2459262829.59","n/a","1999","Technology","Diversified Commercial Services","https://www.nasdaq.com/symbol/kfy",
"KLIC","Kulicke and Soffa Industries, Inc.","19.57","1322383844.3","n/a","n/a","Technology","Semiconductors","https://www.nasdaq.com/symbol/klic",
"KVHI","KVH Industries, Inc.","11.69","206496228.12","n/a","1996","Technology","Radio And Television Broadcasting And Communications Equipment","https://www.nasdaq.com/symbol/kvhi",
"LLL","L3 Technologies, Inc.","186.22","14655057947.22","n/a","n/a","Technology","Radio And Television Broadcasting And Communications Equipment","https://www.nasdaq.com/symbol/lll",
"LRCX","Lam Research Corporation","135.78","21070721398.68","n/a","1984","Technology","Industrial Machinery/Components","https://www.nasdaq.com/symbol/lrcx",
"LTRX","Lantronix, Inc.","3.58","77934029.56","n/a","2000","Technology","Computer Communications Equipment","https://www.nasdaq.com/symbol/ltrx",
"LSCC","Lattice Semiconductor Corporation","5.79","733936422.27","n/a","n/a","Technology","Semiconductors","https://www.nasdaq.com/symbol/lscc",
"LEAF","Leaf Group Ltd.","8.69","217481710.16","n/a","n/a","Technology","EDP Services","https://www.nasdaq.com/symbol/leaf",
"LDOS","Leidos Holdings, Inc.","61.83","9304511230.89","n/a","n/a","Technology","EDP Services","https://www.nasdaq.com/symbol/ldos",
"LTRPA","Liberty TripAdvisor Holdings, Inc.","13.33","1000539762.51","n/a","n/a","Technology","EDP Services","https://www.nasdaq.com/symbol/ltrpa",
"LTRPB","Liberty TripAdvisor Holdings, Inc.","14.4","1080853156.8","n/a","n/a","Technology","EDP Services","https://www.nasdaq.com/symbol/ltrpb",
"LPTH","LightPath Technologies, Inc.","1.81","46650225.05","n/a","1996","Technology","Semiconductors","https://www.nasdaq.com/symbol/lpth",
"LECO","Lincoln Electric Holdings, Inc.","77.17","5029327638.69","n/a","n/a","Technology","Industrial Machinery/Components","https://www.nasdaq.com/symbol/leco",
"LN","LINE Corporation","29.23","6965386935.52","n/a","2016","Technology","Computer Software: Programming, Data Processing","https://www.nasdaq.com/symbol/ln",
"LKM","Link Motion Inc.","0.5599","54862917.3807","n/a","2011","Technology","Computer Software: Prepackaged Software","https://www.nasdaq.com/symbol/lkm",
"LIQT","LiqTech International, Inc.","1.3","94562711.1","n/a","n/a","Technology","Industrial Machinery/Components","https://www.nasdaq.com/symbol/liqt",
"LPSN","LivePerson, Inc.","21.05","1313696356.9","n/a","2000","Technology","Computer Software: Prepackaged Software","https://www.nasdaq.com/symbol/lpsn",
"RAMP","LiveRamp Holdings, Inc.","41.71","3239302082.51","n/a","n/a","Technology","EDP Services","https://www.nasdaq.com/symbol/ramp",
"LOGI","Logitech International S.A.","35.21","5833247918.05","n/a","1997","Technology","Computer peripheral equipment","https://www.nasdaq.com/symbol/logi",
"LOGM","LogMein, Inc.","83.92","4296704000","n/a","2009","Technology","Computer Software: Prepackaged Software","https://www.nasdaq.com/symbol/logm",
"LORL","Loral Space and Communications, Inc.","43.37","1341553410.87","n/a","n/a","Technology","Radio And Television Broadcasting And Communications Equipment","https://www.nasdaq.com/symbol/lorl",
"LXFT","Luxoft Holding, Inc.","41.29","1384904173.9","n/a","2013","Technology","EDP Services","https://www.nasdaq.com/symbol/lxft",
"MTSI","MACOM Technology Solutions Holdings, Inc.","13.69","892079033.18","n/a","2012","Technology","Semiconductors","https://www.nasdaq.com/symbol/mtsi",
"MGIC","Magic Software Enterprises Ltd.","8.07","393472992.72","n/a","1991","Technology","Computer Software: Prepackaged Software","https://www.nasdaq.com/symbol/mgic",
"MX","MagnaChip Semiconductor Corporation","8.04","277340121.6","n/a","2011","Technology","Semiconductors","https://www.nasdaq.com/symbol/mx",
"MNGA","MagneGas Applied Technology Solutions, Inc.","0.255","27913992.69","n/a","n/a","Technology","Industrial Machinery/Components","https://www.nasdaq.com/symbol/mnga",
"MJCO","Majesco","7.25","265517641.75","n/a","2015","Technology","Computer Software: Prepackaged Software","https://www.nasdaq.com/symbol/mjco",
"MAMS","MAM Software Group, Inc.","7.23","91047643.05","n/a","n/a","Technology","Computer Software: Prepackaged Software","https://www.nasdaq.com/symbol/mams",
"MANH","Manhattan Associates, Inc.","45.19","2954453014.11","n/a","1998","Technology","Computer Software: Prepackaged Software","https://www.nasdaq.com/symbol/manh",
"MNTX","Manitex International, Inc.","8.3","162734099.4","n/a","n/a","Technology","Industrial Machinery/Components","https://www.nasdaq.com/symbol/mntx",
"MAN","ManpowerGroup","74.53","4836594687.06","n/a","n/a","Technology","Professional Services","https://www.nasdaq.com/symbol/man",
"MRIN","Marin Software Incorporated","2.21","12784850","n/a","n/a","Technology","EDP Services","https://www.nasdaq.com/symbol/mrin",
"MRVL","Marvell Technology Group Ltd.","15.6","10271040000","n/a","2000","Technology","Semiconductors","https://www.nasdaq.com/symbol/mrvl",
"MTCH","Match Group, Inc.","48.25","13360129468.75","n/a","2015","Technology","Computer Software: Programming, Data Processing","https://www.nasdaq.com/symbol/mtch",
"MTLS","Materialise NV","13.2","177544884","13450370","2014","Technology","Computer Software: Prepackaged Software","https://www.nasdaq.com/symbol/mtls",
"MAXR","Maxar Technologies Ltd.","26.84","1587563803.32","n/a","n/a","Technology","Radio And Television Broadcasting And Communications Equipment","https://www.nasdaq.com/symbol/maxr",
"MXIM","Maxim Integrated Products, Inc.","48.57","13487177109.51","n/a","1988","Technology","Semiconductors","https://www.nasdaq.com/symbol/mxim",
"MXL","MaxLinear, Inc","15.94","1093631891.32","n/a","2010","Technology","Semiconductors","https://www.nasdaq.com/symbol/mxl",
"MGRC","McGrath RentCorp","46.87","1132826855.37","n/a","1984","Technology","Diversified Commercial Services","https://www.nasdaq.com/symbol/mgrc",
"MDCA","MDC Partners Inc.","2.41","120343578.95","n/a","n/a","Technology","Advertising","https://www.nasdaq.com/symbol/mdca",
"MTBC","Medical Transcription Billing, Corp.","4.86","57492623.88","n/a","2014","Technology","Computer Software: Prepackaged Software","https://www.nasdaq.com/symbol/mtbc",
"MTBCP","Medical Transcription Billing, Corp.","25.8575","24029348.8925","n/a","n/a","Technology","Computer Software: Prepackaged Software","https://www.nasdaq.com/symbol/mtbcp",
"MDSO","Medidata Solutions, Inc.","68.48","4190565120","n/a","2009","Technology","Computer Software: Prepackaged Software","https://www.nasdaq.com/symbol/mdso",
"MLNX","Mellanox Technologies, Ltd.","80.71","4275229523.18","n/a","2007","Technology","Semiconductors","https://www.nasdaq.com/symbol/mlnx",
"MFGP","Micro Focus Intl PLC","14.94","6378495671.52","n/a","2017","Technology","Computer Software: Prepackaged Software","https://www.nasdaq.com/symbol/mfgp",
"MCHP","Microchip Technology Incorporated","62.29","14672897106.12","n/a","1993","Technology","Semiconductors","https://www.nasdaq.com/symbol/mchp",
"MU","Micron Technology, Inc.","34.66","39313291297.5","n/a","n/a","Technology","Semiconductors","https://www.nasdaq.com/symbol/mu",
"MSFT","Microsoft Corporation","103.85","797175315733.6","n/a","1986","Technology","Computer Software: Prepackaged Software","https://www.nasdaq.com/symbol/msft",
"MSTR","MicroStrategy Incorporated","121.71","1395696523.74","n/a","1998","Technology","Computer Software: Prepackaged Software","https://www.nasdaq.com/symbol/mstr",
"MCRN","Milacron Holdings Corp.","14.05","990456436","n/a","2015","Technology","Industrial Machinery/Components","https://www.nasdaq.com/symbol/mcrn",
"MIME","Mimecast Limited","31.86","1912959370.62","n/a","2015","Technology","Computer Software: Prepackaged Software","https://www.nasdaq.com/symbol/mime",
"MNDO","MIND C.T.I. Ltd.","2.24","43248616.32","n/a","n/a","Technology","EDP Services","https://www.nasdaq.com/symbol/mndo",
"MB","MINDBODY, Inc.","31.37","1497379284.91","n/a","2015","Technology","EDP Services","https://www.nasdaq.com/symbol/mb",
"MIND","Mitcham Industries, Inc.","3.93","47629238.07","n/a","1994","Technology","Diversified Commercial Services","https://www.nasdaq.com/symbol/mind",
"MINDP","Mitcham Industries, Inc.","22.85","0","n/a","n/a","Technology","Diversified Commercial Services","https://www.nasdaq.com/symbol/mindp",
"MITK","Mitek Systems, Inc.","8.01","302752295.91","n/a","n/a","Technology","Computer peripheral equipment","https://www.nasdaq.com/symbol/mitk",
"MITL","Mitel Networks Corporation","10.99","1352471227.94","n/a","n/a","Technology","Radio And Television Broadcasting And Communications Equipment","https://www.nasdaq.com/symbol/mitl",
"MIXT","MiX Telematics Limited","14.11","321570540.38","n/a","2013","Technology","Computer Software: Prepackaged Software","https://www.nasdaq.com/symbol/mixt",
"MOBL","MobileIron, Inc.","4.09","420191790.11","n/a","2014","Technology","Computer Software: Prepackaged Software","https://www.nasdaq.com/symbol/mobl",
"MODN","Model N, Inc.","15.11","472194284.39","n/a","2013","Technology","Computer Software: Programming, Data Processing","https://www.nasdaq.com/symbol/modn",
"MOMO","Momo Inc.","30.11","4483514193.9","148904490","2014","Technology","Computer Software: Prepackaged Software","https://www.nasdaq.com/symbol/momo",
"MDB","MongoDB, Inc.","73.6","3843089504","n/a","2017","Technology","Computer Software: Prepackaged Software","https://www.nasdaq.com/symbol/mdb",
"MPWR","Monolithic Power Systems, Inc.","111.35","4722130800","n/a","2004","Technology","Semiconductors","https://www.nasdaq.com/symbol/mpwr",
"TYPE","Monotype Imaging Holdings Inc.","17.65","743133040.75","n/a","2007","Technology","EDP Services","https://www.nasdaq.com/symbol/type",
"MOSY","MoSys, Inc.","0.24","3921332.64","n/a","2001","Technology","Semiconductors","https://www.nasdaq.com/symbol/mosy",
"MSI","Motorola Solutions, Inc.","117.06","18994951725.06","n/a","n/a","Technology","Radio And Television Broadcasting And Communications Equipment","https://www.nasdaq.com/symbol/msi",
"MOXC","Moxian, Inc.","0.4353","29320598.7366","n/a","n/a","Technology","Computer Software: Programming, Data Processing","https://www.nasdaq.com/symbol/moxc",
"MYSZ","My Size, Inc.","1","29710028","n/a","n/a","Technology","Computer Software: Prepackaged Software","https://www.nasdaq.com/symbol/mysz",
"NNDM","Nano Dimension Ltd.","1.8","17106505.2","9503614","n/a","Technology","Electrical Products","https://www.nasdaq.com/symbol/nndm",
"NH","NantHealth, Inc.","1.6","175154628.8","n/a","2016","Technology","EDP Services","https://www.nasdaq.com/symbol/nh",
"NATI","National Instruments Corporation","47.55","6286495392.75","n/a","1995","Technology","Computer Software: Prepackaged Software","https://www.nasdaq.com/symbol/nati",
"NPTN","NeoPhotonics Corporation","7.75","351094196.75","n/a","2011","Technology","Semiconductors","https://www.nasdaq.com/symbol/nptn",
"NETE","Net Element, Inc.","4.72","18261170.24","n/a","n/a","Technology","EDP Services","https://www.nasdaq.com/symbol/nete",
"NTAP","NetApp, Inc.","71.91","18643980001.32","n/a","1995","Technology","Electronic Components","https://www.nasdaq.com/symbol/ntap",
"NTCT","NetScout Systems, Inc.","24.28","1955396525.56","n/a","1999","Technology","EDP Services","https://www.nasdaq.com/symbol/ntct",
"NTWK","NetSol Technologies Inc.","9","103523544","n/a","n/a","Technology","Computer Software: Prepackaged Software","https://www.nasdaq.com/symbol/ntwk",
"NEWR","New Relic, Inc.","84.33","4765477505.76","n/a","2014","Technology","Computer Software: Prepackaged Software","https://www.nasdaq.com/symbol/newr",
"NXGN","NextGen Healthcare, Inc.","18.96","1217553883.92","n/a","n/a","Technology","EDP Services","https://www.nasdaq.com/symbol/nxgn",
"NICE","NICE Ltd","101.69","4351639084.34","42793186","n/a","Technology","Computer Manufacturing","https://www.nasdaq.com/symbol/nice",
"LASR","nLIGHT, Inc.","17.01","591969908.88","n/a","2018","Technology","Semiconductors","https://www.nasdaq.com/symbol/lasr",
"NOK","Nokia Corporation","5.55","31277306157.45","n/a","1994","Technology","Radio And Television Broadcasting And Communications Equipment","https://www.nasdaq.com/symbol/nok",
"NUAN","Nuance Communications, Inc.","16.48","4726511973.28","n/a","n/a","Technology","Computer Software: Prepackaged Software","https://www.nasdaq.com/symbol/nuan",
"NTNX","Nutanix, Inc.","37.07","6408994451.53","n/a","2016","Technology","Computer Software: Prepackaged Software","https://www.nasdaq.com/symbol/ntnx",
"NVEC","NVE Corporation","84.94","411450209.4","n/a","n/a","Technology","Semiconductors","https://www.nasdaq.com/symbol/nvec",
"NVT","nVent Electric plc","23.64","4232452693.68","n/a","2018","Technology","Industrial Machinery/Components","https://www.nasdaq.com/symbol/nvt",
"NVDA","NVIDIA Corporation","185.62","112856960000","n/a","1999","Technology","Semiconductors","https://www.nasdaq.com/symbol/nvda",
"NXPI","NXP Semiconductors N.V.","70.72","24351545949.12","n/a","2010","Technology","Semiconductors","https://www.nasdaq.com/symbol/nxpi",
"OIIM","O2Micro International Limited","1.61","53731322.12","33373492","n/a","Technology","Semiconductors","https://www.nasdaq.com/symbol/oiim",
"OCLR","Oclaro, Inc.","7.89","1346723728.02","n/a","n/a","Technology","Semiconductors","https://www.nasdaq.com/symbol/oclr",
"OKTA","Okta, Inc.","52.48","5729922265.6","n/a","2017","Technology","Computer Software: Prepackaged Software","https://www.nasdaq.com/symbol/okta",
"OMCL","Omnicell, Inc.","67.45","2648759476.5","n/a","2001","Technology","Computer Manufacturing","https://www.nasdaq.com/symbol/omcl",
"OMC","Omnicom Group Inc.","72.43","16231974040.25","n/a","n/a","Technology","Advertising","https://www.nasdaq.com/symbol/omc",
"ON","ON Semiconductor Corporation","15.91","6781088923.2","n/a","n/a","Technology","Semiconductors","https://www.nasdaq.com/symbol/on",
"OTIV","On Track Innovations Ltd","0.8973","37053444.4821","n/a","n/a","Technology","Semiconductors","https://www.nasdaq.com/symbol/otiv",
"OSS","One Stop Systems, Inc.","2.38","30414519.8","n/a","2018","Technology","Computer Manufacturing","https://www.nasdaq.com/symbol/oss",
"OSPN","OneSpan Inc.","16.83","676997100.45","n/a","n/a","Technology","EDP Services","https://www.nasdaq.com/symbol/ospn",
"OOMA","Ooma, Inc.","14.67","290466000","n/a","2015","Technology","EDP Services","https://www.nasdaq.com/symbol/ooma",
"OTEX","Open Text Corporation","32.73","8782492580.67","n/a","1996","Technology","EDP Services","https://www.nasdaq.com/symbol/otex",
"ORCL","Oracle Corporation","47.02","178141766095.12","n/a","1986","Technology","Computer Software: Prepackaged Software","https://www.nasdaq.com/symbol/orcl",
"OSIS","OSI Systems, Inc.","68.18","1237679857.96","n/a","1997","Technology","Semiconductors","https://www.nasdaq.com/symbol/osis",
"PFIN","P & F Industries, Inc.","7.63","28238439.25","n/a","n/a","Technology","Industrial Machinery/Components","https://www.nasdaq.com/symbol/pfin",
"PAGS","PagSeguro Digital Ltd.","25.42","8010716905.56","n/a","2018","Technology","EDP Services","https://www.nasdaq.com/symbol/pags",
"PANW","Palo Alto Networks, Inc.","178.99","16881397281.49","n/a","2012","Technology","Computer peripheral equipment","https://www.nasdaq.com/symbol/panw",
"TEUM","Pareteum Corporation","2.23","215543671.65","n/a","n/a","Technology","EDP Services","https://www.nasdaq.com/symbol/teum",
"PCYG","Park City Group, Inc.","8.36","165473434.28","n/a","n/a","Technology","EDP Services","https://www.nasdaq.com/symbol/pcyg",
"PKE","Park Electrochemical Corporation","17.43","353429992.44","n/a","n/a","Technology","Electrical Products","https://www.nasdaq.com/symbol/pke",
"PAYC","Paycom Software, Inc.","123.87","7261898321.46","n/a","2014","Technology","Computer Software: Prepackaged Software","https://www.nasdaq.com/symbol/payc",
"PCTY","Paylocity Holding Corporation","62.44","3296666783.76","n/a","2014","Technology","Computer Software: Prepackaged Software","https://www.nasdaq.com/symbol/pcty",
"PCTI","PC-Tel, Inc.","4.54","83146971.94","n/a","1999","Technology","Radio And Television Broadcasting And Communications Equipment","https://www.nasdaq.com/symbol/pcti",
"PDFS","PDF Solutions, Inc.","7.91","254233854.56","n/a","2001","Technology","EDP Services","https://www.nasdaq.com/symbol/pdfs",
"PEGA","Pegasystems Inc.","51.16","4023499226.76","n/a","1996","Technology","EDP Services","https://www.nasdaq.com/symbol/pega",
"PNR","Pentair plc.","39.07","6782592242.1","n/a","n/a","Technology","Industrial Machinery/Components","https://www.nasdaq.com/symbol/pnr",
"PRFT","Perficient, Inc.","24.63","825344551.38","n/a","1999","Technology","EDP Services","https://www.nasdaq.com/symbol/prft",
"PERI","Perion Network Ltd","2.95","25419164.7","n/a","n/a","Technology","EDP Services","https://www.nasdaq.com/symbol/peri",
"PRSP","Perspecta Inc.","23.63","3916212518.42","n/a","2018","Technology","EDP Services","https://www.nasdaq.com/symbol/prsp",
"PLAB","Photronics, Inc.","9.5","649688859.5","n/a","1987","Technology","Semiconductors","https://www.nasdaq.com/symbol/plab",
"PVTL","Pivotal Software, Inc.","19.07","4908340264.52","n/a","2018","Technology","Computer Software: Prepackaged Software","https://www.nasdaq.com/symbol/pvtl",
"PXLW","Pixelworks, Inc.","4.09","146888967.57","n/a","2000","Technology","Semiconductors","https://www.nasdaq.com/symbol/pxlw",
"PLXS","Plexus Corp.","57.92","1844056960","n/a","n/a","Technology","Electrical Products","https://www.nasdaq.com/symbol/plxs",
"PS","Pluralsight, Inc.","21.16","2858194829.2","n/a","2018","Technology","Computer Software: Programming, Data Processing","https://www.nasdaq.com/symbol/ps",
"PNTR","Pointer Telocation Ltd.","11.5","93517862","n/a","n/a","Technology","Radio And Television Broadcasting And Communications Equipment","https://www.nasdaq.com/symbol/pntr",
"POWI","Power Integrations, Inc.","52.97","1553583191.24","n/a","1997","Technology","Semiconductors","https://www.nasdaq.com/symbol/powi",
"PSDO","Presidio, Inc.","13.18","1084626036.68","n/a","2017","Technology","Retail: Computer Software & Peripheral Equipment","https://www.nasdaq.com/symbol/psdo",
"IPDN","Professional Diversity Network, Inc.","2.6","12587650.4","n/a","2013","Technology","Computer Software: Programming, Data Processing","https://www.nasdaq.com/symbol/ipdn",
"PRGS","Progress Software Corporation","30.93","1388837634.51","n/a","1991","Technology","Computer Software: Prepackaged Software","https://www.nasdaq.com/symbol/prgs",
"PFPT","Proofpoint, Inc.","89.78","4891483740","n/a","2012","Technology","EDP Services","https://www.nasdaq.com/symbol/pfpt",
"PRO","PROS Holdings, Inc.","34.07","1265698830.57","n/a","2007","Technology","EDP Services","https://www.nasdaq.com/symbol/pro",
"PTC","PTC Inc.","79.05","9314438812.65","n/a","n/a","Technology","Computer Software: Prepackaged Software","https://www.nasdaq.com/symbol/ptc",
"PSTG","Pure Storage, Inc. ","18.62","4397568296.24","n/a","2015","Technology","Electronic Components","https://www.nasdaq.com/symbol/pstg",
"QTWO","Q2 Holdings, Inc.","50.43","2162087558.49","n/a","2014","Technology","Computer Software: Prepackaged Software","https://www.nasdaq.com/symbol/qtwo",
"QADA","QAD Inc.","41.37","804043490.88","n/a","n/a","Technology","Computer Software: Prepackaged Software","https://www.nasdaq.com/symbol/qada",
"QADB","QAD Inc.","30.76","603544236.24","n/a","n/a","Technology","Computer Software: Prepackaged Software","https://www.nasdaq.com/symbol/qadb",
"QRVO","Qorvo, Inc.","69.32","8709592238.92","n/a","n/a","Technology","Semiconductors","https://www.nasdaq.com/symbol/qrvo",
"QCOM","QUALCOMM Incorporated","62.17","91335744645.55","n/a","1991","Technology","Radio And Television Broadcasting And Communications Equipment","https://www.nasdaq.com/symbol/qcom",
"QBAK","Qualstar Corporation","6.2361","12772268.6598","n/a","2000","Technology","Electronic Components","https://www.nasdaq.com/symbol/qbak",
"QLYS","Qualys, Inc.","73.11","2851109783.85","n/a","2012","Technology","Computer Software: Prepackaged Software","https://www.nasdaq.com/symbol/qlys",
"QTNA","Quantenna Communications, Inc.","15.37","567235152.65","n/a","2016","Technology","Semiconductors","https://www.nasdaq.com/symbol/qtna",
"QTM","Quantum Corporation","2.42","84092299.28","n/a","n/a","Technology","Electronic Components","https://www.nasdaq.com/symbol/qtm",
"QRHC","Quest Resource Holding Corporation.","2.22","33995710.26","n/a","n/a","Technology","Diversified Commercial Services","https://www.nasdaq.com/symbol/qrhc",
"QUIK","QuickLogic Corporation","0.8515","80535843.2645","n/a","1999","Technology","Semiconductors","https://www.nasdaq.com/symbol/quik",
"QUMU","Qumu Corporation","2.4245","23103431.4485","n/a","n/a","Technology","Computer Software: Prepackaged Software","https://www.nasdaq.com/symbol/qumu",
"RDCM","Radcom Ltd.","9.11","124272470.75","n/a","1997","Technology","Computer peripheral equipment","https://www.nasdaq.com/symbol/rdcm",
"RSYS","RadiSys Corporation","1.555","61604747.555","n/a","1995","Technology","Computer peripheral equipment","https://www.nasdaq.com/symbol/rsys",
"RMBS","Rambus, Inc.","8.53","915653199.73","n/a","1997","Technology","Semiconductors","https://www.nasdaq.com/symbol/rmbs",
"RPD","Rapid7, Inc.","33.25","1557610547.5","n/a","2015","Technology","Computer Software: Prepackaged Software","https://www.nasdaq.com/symbol/rpd",
"RCMT","RCM Technologies, Inc.","3.99","49018055.73","n/a","n/a","Technology","Professional Services","https://www.nasdaq.com/symbol/rcmt",
"RNWK","RealNetworks, Inc.","1.95","73343105.55","n/a","1997","Technology","EDP Services","https://www.nasdaq.com/symbol/rnwk",
"RP","RealPage, Inc.","53.24","4994827994.2","n/a","2010","Technology","Computer Software: Prepackaged Software","https://www.nasdaq.com/symbol/rp",
"RHT","Red Hat, Inc.","169.63","29850414999.14","n/a","n/a","Technology","Computer Software: Programming, Data Processing","https://www.nasdaq.com/symbol/rht",
"RDVT","Red Violet, Inc.","5.58","57287700.54","n/a","n/a","Technology","Computer Software: Prepackaged Software","https://www.nasdaq.com/symbol/rdvt",
"SOL","Renesola Ltd.","1.58","60202266","n/a","2008","Technology","Semiconductors","https://www.nasdaq.com/symbol/sol",
"RENN","Renren Inc.","1.38","94938286.8","n/a","2011","Technology","EDP Services","https://www.nasdaq.com/symbol/renn",
"RCII","Rent-A-Center Inc.","13.97","747506340.9","n/a","1995","Technology","Diversified Commercial Services","https://www.nasdaq.com/symbol/rcii",
"RESN","Resonant Inc.","3","80946339","n/a","2014","Technology","Semiconductors","https://www.nasdaq.com/symbol/resn",
"RXN","Rexnord Corporation","24.14","2521596445.9","n/a","2012","Technology","Industrial Machinery/Components","https://www.nasdaq.com/symbol/rxn",
"RBBN","Ribbon Communications Inc. ","5.49","571045303.62","n/a","n/a","Technology","EDP Services","https://www.nasdaq.com/symbol/rbbn",
"RNG","Ringcentral, Inc.","71.11","5661524337.3","n/a","2013","Technology","EDP Services","https://www.nasdaq.com/symbol/rng",
"RHI","Robert Half International Inc.","58.84","7204674626.56","n/a","n/a","Technology","Professional Services","https://www.nasdaq.com/symbol/rhi",
"RST","Rosetta Stone","20.09","458223608.78","n/a","2009","Technology","Computer Software: Prepackaged Software","https://www.nasdaq.com/symbol/rst",
"RBCN","Rubicon Technology, Inc.","7.9266","21729846.4878","n/a","2007","Technology","Semiconductors","https://www.nasdaq.com/symbol/rbcn",
"RMBL","RumbleOn, Inc.","5.05","77963369.55","n/a","n/a","Technology","EDP Services","https://www.nasdaq.com/symbol/rmbl",
"SABR","Sabre Corporation","22.86","6289901522.28","n/a","2014","Technology","Computer Software: Programming, Data Processing","https://www.nasdaq.com/symbol/sabr",
"SFET","Safe-T Group Ltd.","8","4360544","545068","2018","Technology","Computer Software: Prepackaged Software","https://www.nasdaq.com/symbol/sfet",
"SAIL","SailPoint Technologies Holdings, Inc.","23.68","2077319214.72","n/a","2017","Technology","Computer Software: Prepackaged Software","https://www.nasdaq.com/symbol/sail",
"CRM","Salesforce.com Inc","130.99","99120133000","n/a","2004","Technology","Computer Software: Prepackaged Software","https://www.nasdaq.com/symbol/crm",
"SANM","Sanmina Corporation","22.98","1561738057.98","n/a","1993","Technology","Electrical Products","https://www.nasdaq.com/symbol/sanm",
"SAP","SAP SE","104.28","128107980000","n/a","n/a","Technology","Computer Software: Prepackaged Software","https://www.nasdaq.com/symbol/sap",
"SPNS","Sapiens International Corporation N.V.","10.98","546574023.9","n/a","1992","Technology","Computer Software: Prepackaged Software","https://www.nasdaq.com/symbol/spns",
"SCSC","ScanSource, Inc.","37.23","953713612.92","n/a","n/a","Technology","Retail: Computer Software & Peripheral Equipment","https://www.nasdaq.com/symbol/scsc",
"SAIC","SCIENCE APPLICATIONS INTERNATIONAL CORPORATION","67.2","2845551811.2","n/a","n/a","Technology","EDP Services","https://www.nasdaq.com/symbol/saic",
"SGMS","Scientific Games Corp","18.59","1699593854.53","n/a","n/a","Technology","EDP Services","https://www.nasdaq.com/symbol/sgms",
"SEAC","SeaChange International, Inc.","1.66","59343557.46","n/a","1996","Technology","Radio And Television Broadcasting And Communications Equipment","https://www.nasdaq.com/symbol/seac",
"STX","Seagate Technology PLC","37.83","10891670103.6","n/a","2002","Technology","Electronic Components","https://www.nasdaq.com/symbol/stx",
"SCWX","SecureWorks Corp.","14.31","1170508129.65","n/a","2016","Technology","Computer Software: Prepackaged Software","https://www.nasdaq.com/symbol/scwx",
"SMI","Semiconductor  Manufacturing International Corporation","3.74","3769070234.6","n/a","2004","Technology","Semiconductors","https://www.nasdaq.com/symbol/smi",
"LEDS","SemiLEDS Corporation","3.8","13515802","n/a","2010","Technology","Semiconductors","https://www.nasdaq.com/symbol/leds",
"SMTC","Semtech Corporation","43.12","2855495960.24","n/a","n/a","Technology","Semiconductors","https://www.nasdaq.com/symbol/smtc",
"SEND","SendGrid, Inc.","31.93","1503545096.63","n/a","2017","Technology","Computer Software: Prepackaged Software","https://www.nasdaq.com/symbol/send",
"SQNS","Sequans Communications S.A.","1.32","124736927.04","n/a","2011","Technology","Semiconductors","https://www.nasdaq.com/symbol/sqns",
"NOW","ServiceNow, Inc.","164.23","29216517000","n/a","2012","Technology","Computer Software: Prepackaged Software","https://www.nasdaq.com/symbol/now",
"SGOC","SGOCO Group, Ltd","0.9505","23614250.515","n/a","2010","Technology","Radio And Television Broadcasting And Communications Equipment","https://www.nasdaq.com/symbol/sgoc",
"SEII","Sharing Economy International Inc.","2.6","19190121.6","n/a","n/a","Technology","Industrial Machinery/Components","https://www.nasdaq.com/symbol/seii",
"SHSP","SharpSpring, Inc.","11.04","93983597.28","n/a","n/a","Technology","Computer Software: Prepackaged Software","https://www.nasdaq.com/symbol/shsp",
"PIXY","ShiftPixy, Inc.","3.59","103577915.33","n/a","2017","Technology","Diversified Commercial Services","https://www.nasdaq.com/symbol/pixy",
"SHOP","Shopify Inc.","128.5","12141624475","n/a","2015","Technology","Computer Software: Prepackaged Software","https://www.nasdaq.com/symbol/shop",
"SSTI","ShotSpotter, Inc.","35.98","387587749.78","n/a","2017","Technology","Computer Software: Prepackaged Software","https://www.nasdaq.com/symbol/ssti",
"SSTK","Shutterstock, Inc.","44.65","1561137152.7","n/a","2012","Technology","EDP Services","https://www.nasdaq.com/symbol/sstk",
"SWIR","Sierra Wireless, Inc.","17.34","624780921.3","n/a","n/a","Technology","Radio And Television Broadcasting And Communications Equipment","https://www.nasdaq.com/symbol/swir",
"SIFY","Sify Technologies Limited","1.17","29727283.95","25407935","n/a","Technology","Computer Software: Programming, Data Processing","https://www.nasdaq.com/symbol/sify",
"SGMA","SigmaTron International, Inc.","4.3","18189034.4","n/a","1994","Technology","Electrical Products","https://www.nasdaq.com/symbol/sgma",
"SILC","Silicom Ltd","44.4","335291794.8","n/a","n/a","Technology","Computer Communications Equipment","https://www.nasdaq.com/symbol/silc",
"SLAB","Silicon Laboratories, Inc.","78.38","3381971121.72","n/a","2000","Technology","Semiconductors","https://www.nasdaq.com/symbol/slab",
"SIMO","Silicon Motion Technology Corporation","36.56","1317637608.96","36040416","2005","Technology","Semiconductors","https://www.nasdaq.com/symbol/simo",
"SLP","Simulations Plus, Inc.","20.11","349211839.24","n/a","n/a","Technology","EDP Services","https://www.nasdaq.com/symbol/slp",
"SINA","Sina Corporation","59.05","4220331135.4","n/a","n/a","Technology","Computer Software: Prepackaged Software","https://www.nasdaq.com/symbol/sina",
"SWKS","Skyworks Solutions, Inc.","81.85","14649639458.25","n/a","n/a","Technology","Semiconductors","https://www.nasdaq.com/symbol/swks",
"SGH","SMART Global Holdings, Inc.","26.36","588026016.32","n/a","2017","Technology","Semiconductors","https://www.nasdaq.com/symbol/sgh",
"SMAR","Smartsheet Inc.","22.59","2321256774.96","n/a","2018","Technology","Computer Software: Prepackaged Software","https://www.nasdaq.com/symbol/smar",
"SMSI","Smith Micro Software, Inc.","2.4","60069655.2","n/a","1995","Technology","Computer Software: Prepackaged Software","https://www.nasdaq.com/symbol/smsi",
"SMTX","SMTC Corporation","2.77","63935140.06","n/a","2000","Technology","Electrical Products","https://www.nasdaq.com/symbol/smtx",
"SNAP","Snap Inc.","5.99","7734389830","n/a","2017","Technology","Computer Software: Programming, Data Processing","https://www.nasdaq.com/symbol/snap",
"SRAX","Social Reality, Inc.","2.36","24247159.2","n/a","n/a","Technology","Advertising","https://www.nasdaq.com/symbol/srax",
"SCKT","Socket Mobile, Inc.","1.75","10295440.75","n/a","n/a","Technology","Computer Manufacturing","https://www.nasdaq.com/symbol/sckt",
"SOGO","Sogou Inc.","5.58","2216188020.96","n/a","2017","Technology","EDP Services","https://www.nasdaq.com/symbol/sogo",
"SOHU","Sohu.com Limited ","16.67","659015743.46","39533038","n/a","Technology","EDP Services","https://www.nasdaq.com/symbol/sohu",
"SEDG","SolarEdge Technologies, Inc.","37.24","1694360937.36","n/a","2015","Technology","Semiconductors","https://www.nasdaq.com/symbol/sedg",
"SWI","SolarWinds Corporation","14.25","0","n/a","2018","Technology","Computer Software: Prepackaged Software","https://www.nasdaq.com/symbol/swi",
"SOFO","Sonic Foundry, Inc.","1.4682","7218939.7248","n/a","n/a","Technology","Radio And Television Broadcasting And Communications Equipment","https://www.nasdaq.com/symbol/sofo",
"SPA","Sparton Corporation","12.52","123130731.96","n/a","n/a","Technology","Electrical Products","https://www.nasdaq.com/symbol/spa",
"ANY","Sphere 3D Corp.","0.2639","4079328.1984","n/a","n/a","Technology","EDP Services","https://www.nasdaq.com/symbol/any",
"SPI","SPI Energy Co., Ltd.","0.2885","20918187.8545","n/a","n/a","Technology","Semiconductors","https://www.nasdaq.com/symbol/spi",
"SPLK","Splunk Inc.","93.1","13650861049","n/a","2012","Technology","Computer Software: Prepackaged Software","https://www.nasdaq.com/symbol/splk",
"SPSC","SPS Commerce, Inc.","95.81","1657759423.32","n/a","2010","Technology","Computer Software: Prepackaged Software","https://www.nasdaq.com/symbol/spsc",
"SPXC","SPX Corporation","29.43","1266992607.51","n/a","n/a","Technology","Industrial Machinery/Components","https://www.nasdaq.com/symbol/spxc",
"FLOW","SPX FLOW, Inc.","38.21","1625672878.24","n/a","2015","Technology","Industrial Machinery/Components","https://www.nasdaq.com/symbol/flow",
"SQ","Square, Inc.","67.28","27613602164.32","n/a","2015","Technology","Computer Software: Prepackaged Software","https://www.nasdaq.com/symbol/sq",
"SSNC","SS&C Technologies Holdings, Inc.","47.72","11435780184.8","n/a","2010","Technology","Computer Software: Prepackaged Software","https://www.nasdaq.com/symbol/ssnc",
"STAF","Staffing 360 Solutions, Inc.","1.78","8744031.06","n/a","1996","Technology","Professional Services","https://www.nasdaq.com/symbol/staf",
"SXI","Standex International Corporation","78.58","1008197823.22","n/a","n/a","Technology","Industrial Machinery/Components","https://www.nasdaq.com/symbol/sxi",
"SRT","StarTek, Inc.","5.39","199392588.01","n/a","1997","Technology","Professional Services","https://www.nasdaq.com/symbol/srt",
"STLR","Stellar Acquisition III Inc.","10.5","29583624","n/a","2016","Technology","EDP Services","https://www.nasdaq.com/symbol/stlr",
"STLRU","Stellar Acquisition III Inc.","10.5","0","n/a","2016","Technology","EDP Services","https://www.nasdaq.com/symbol/stlru",
"STLRW","Stellar Acquisition III Inc.","0.2","0","n/a","2016","Technology","EDP Services","https://www.nasdaq.com/symbol/stlrw",
"STM","STMicroelectronics N.V.","14.44","13033270347.56","n/a","n/a","Technology","Semiconductors","https://www.nasdaq.com/symbol/stm",
"STNE","StoneCo Ltd.","29.06","0","n/a","2018","Technology","EDP Services","https://www.nasdaq.com/symbol/stne",
"SSYS","Stratasys, Ltd.","19.14","1028540783.82","n/a","1994","Technology","Computer peripheral equipment","https://www.nasdaq.com/symbol/ssys",
"STRM","Streamline Health Solutions, Inc.","0.9285","18601983.111","n/a","n/a","Technology","EDP Services","https://www.nasdaq.com/symbol/strm",
"WISA","Summit Wireless Technologies, Inc.","4.77","72839512.26","n/a","2018","Technology","Semiconductors","https://www.nasdaq.com/symbol/wisa",
"SPWR","SunPower Corporation","5.94","837495509.4","n/a","2005","Technology","Semiconductors","https://www.nasdaq.com/symbol/spwr",
"SPCB","SuperCom, Ltd.","1.66","24830842.74","n/a","n/a","Technology","Semiconductors","https://www.nasdaq.com/symbol/spcb",
"SCON","Superconductor Technologies Inc.","1.84","5649920.56","n/a","1993","Technology","Radio And Television Broadcasting And Communications Equipment","https://www.nasdaq.com/symbol/scon",
"SPRT","support.com, Inc.","2.705","50865447.56","n/a","2000","Technology","EDP Services","https://www.nasdaq.com/symbol/sprt",
"SVMK","SVMK Inc.","10.34","0","n/a","2018","Technology","Computer Software: Programming, Data Processing","https://www.nasdaq.com/symbol/svmk",
"SWCH","Switch, Inc.","8.72","2203528365.04","n/a","2017","Technology","Computer Software: Programming, Data Processing","https://www.nasdaq.com/symbol/swch",
"SYKE","Sykes Enterprises, Incorporated","28.99","1241386935.88","n/a","1996","Technology","EDP Services","https://www.nasdaq.com/symbol/syke",
"SYMC","Symantec Corporation","18","11187695664","n/a","1989","Technology","Computer Software: Prepackaged Software","https://www.nasdaq.com/symbol/symc",
"SYNC","Synacor, Inc.","1.75","68189171.75","n/a","2012","Technology","Computer Software: Programming, Data Processing","https://www.nasdaq.com/symbol/sync",
"SYNA","Synaptics Incorporated","35.79","1248411390.3","n/a","2002","Technology","Semiconductors","https://www.nasdaq.com/symbol/syna",
"SNCR","Synchronoss Technologies, Inc.","5.85","249561391.95","n/a","2018","Technology","EDP Services","https://www.nasdaq.com/symbol/sncr",
"SNX","Synnex Corporation","75.72","3873912585.84","n/a","2003","Technology","Retail: Computer Software & Peripheral Equipment","https://www.nasdaq.com/symbol/snx",
"SNPS","Synopsys, Inc.","86.9","12912306498.3","n/a","1992","Technology","Computer Software: Prepackaged Software","https://www.nasdaq.com/symbol/snps",
"DATA","Tableau Software, Inc.","96.56","8009028222.4","n/a","2013","Technology","Computer Software: Prepackaged Software","https://www.nasdaq.com/symbol/data",
"TSM","Taiwan Semiconductor Manufacturing Company Ltd.","36.33","188407380000","n/a","1997","Technology","Semiconductors","https://www.nasdaq.com/symbol/tsm",
"TTWO","Take-Two Interactive Software, Inc.","111.72","12716888403.24","n/a","1997","Technology","Computer Software: Prepackaged Software","https://www.nasdaq.com/symbol/ttwo",
"TLND","Talend S.A.","57.17","1578226730.35","27605855","2016","Technology","Computer Software: Prepackaged Software","https://www.nasdaq.com/symbol/tlnd",
"TAOP","Taoping Inc.","1.14","46466585.82","n/a","n/a","Technology","Computer Software: Prepackaged Software","https://www.nasdaq.com/symbol/taop",
"TECD","Tech Data Corporation","67.97","2606649160.15","n/a","1986","Technology","Retail: Computer Software & Peripheral Equipment","https://www.nasdaq.com/symbol/tecd",
"TCCO","Technical Communications Corporation","3.85","7118746.25","n/a","n/a","Technology","Radio And Television Broadcasting And Communications Equipment","https://www.nasdaq.com/symbol/tcco",
"TLRA","Telaria, Inc.","2.88","151391116.8","n/a","2013","Technology","Advertising","https://www.nasdaq.com/symbol/tlra",
"TENB","Tenable Holdings, Inc.","28.3","2632855379.7","n/a","2018","Technology","Computer Software: Prepackaged Software","https://www.nasdaq.com/symbol/tenb",
"TNC","Tennant Company","59.79","1080643264.2","n/a","n/a","Technology","Industrial Machinery/Components","https://www.nasdaq.com/symbol/tnc",
"TDC","Teradata Corporation","34.59","4119669000","n/a","n/a","Technology","Computer Software: Prepackaged Software","https://www.nasdaq.com/symbol/tdc",
"TXN","Texas Instruments Incorporated","90.18","87011354538.36","n/a","n/a","Technology","Semiconductors","https://www.nasdaq.com/symbol/txn",
"TGH","Textainer Group Holdings Limited","10.74","613746858.6","n/a","2007","Technology","Diversified Commercial Services","https://www.nasdaq.com/symbol/tgh",
"DSGX","The Descartes Systems Group Inc.","29.22","2245982618.52","n/a","n/a","Technology","Computer Software: Prepackaged Software","https://www.nasdaq.com/symbol/dsgx",
"KEYW","The KEYW Holding Corporation","7.52","375089252.8","n/a","2010","Technology","EDP Services","https://www.nasdaq.com/symbol/keyw",
"MIDD","The Middleby Corporation","111.43","6209283422.32","n/a","n/a","Technology","Industrial Machinery/Components","https://www.nasdaq.com/symbol/midd",
"RUBI","The Rubicon Project, Inc.","3.21","162909628.23","n/a","2014","Technology","Computer Software: Programming, Data Processing","https://www.nasdaq.com/symbol/rubi",
"TSG","The Stars Group Inc.","19.84","5397899254.4","n/a","n/a","Technology","Computer Software: Programming, Data Processing","https://www.nasdaq.com/symbol/tsg",
"TTD","The Trade Desk, Inc.","109.12","4683068885.44","n/a","2016","Technology","Computer Software: Programming, Data Processing","https://www.nasdaq.com/symbol/ttd",
"ULTI","The Ultimate Software Group, Inc.","273.94","8546900879.94","n/a","1998","Technology","Computer Software: Prepackaged Software","https://www.nasdaq.com/symbol/ulti",
"TISA","Top Image Systems, Ltd.","0.872","15915501.584","n/a","1996","Technology","Computer peripheral equipment","https://www.nasdaq.com/symbol/tisa",
"TSEM","Tower Semiconductor Ltd.","13.98","1385607652.68","n/a","1994","Technology","Semiconductors","https://www.nasdaq.com/symbol/tsem",
"TACT","TransAct Technologies Incorporated","14.95","110297781.1","n/a","1996","Technology","Computer peripheral equipment","https://www.nasdaq.com/symbol/tact",
"TZOO","Travelzoo","7.43","91271345.95","n/a","n/a","Technology","EDP Services","https://www.nasdaq.com/symbol/tzoo",
"TRT","Trio-Tech International","4.21","14958361.55","n/a","n/a","Technology","Industrial Machinery/Components","https://www.nasdaq.com/symbol/trt",
"TRIP","TripAdvisor, Inc.","48.94","6731563932.14","n/a","n/a","Technology","Computer Software: Programming, Data Processing","https://www.nasdaq.com/symbol/trip",
"TRTN","Triton International Limited","28.94","2339945783.68","n/a","2016","Technology","Diversified Commercial Services","https://www.nasdaq.com/symbol/trtn",
"TRVG","trivago N.V.","6.5","201469593","30995322","2016","Technology","EDP Services","https://www.nasdaq.com/symbol/trvg",
"TBI","TrueBlue, Inc.","23.07","937272595.38","n/a","n/a","Technology","Professional Services","https://www.nasdaq.com/symbol/tbi",
"TRUE","TrueCar, Inc.","11","1122783783","n/a","2014","Technology","Computer Software: Programming, Data Processing","https://www.nasdaq.com/symbol/true",
"TSRI","TSR, Inc.","5.8501","11478258.9062","n/a","n/a","Technology","EDP Services","https://www.nasdaq.com/symbol/tsri",
"TTEC","TTEC Holdings, Inc.","24.13","1114136295.98","n/a","1996","Technology","Professional Services","https://www.nasdaq.com/symbol/ttec",
"TTMI","TTM Technologies, Inc.","13.16","1364357249.08","n/a","2000","Technology","Electrical Products","https://www.nasdaq.com/symbol/ttmi",
"TCX","Tucows Inc.","51.42","545789414.22","n/a","n/a","Technology","EDP Services","https://www.nasdaq.com/symbol/tcx",
"TWLO","Twilio Inc.","65.98","6518071234.18","n/a","2016","Technology","Computer Software: Prepackaged Software","https://www.nasdaq.com/symbol/twlo",
"TWIN","Twin Disc, Incorporated","20.22","264241268.64","n/a","n/a","Technology","Industrial Machinery/Components","https://www.nasdaq.com/symbol/twin",
"TWTR","Twitter, Inc.","32.39","24546629640.31","n/a","2013","Technology","Computer Software: Programming, Data Processing","https://www.nasdaq.com/symbol/twtr",
"TYL","Tyler Technologies, Inc.","205.44","7940540739.84","n/a","n/a","Technology","Computer Software: Prepackaged Software","https://www.nasdaq.com/symbol/tyl",
"UBNT","Ubiquiti Networks, Inc.","86.76","6421113673.2","n/a","2011","Technology","Radio And Television Broadcasting And Communications Equipment","https://www.nasdaq.com/symbol/ubnt",
"UCTT","Ultra Clean Holdings, Inc.","9.67","376503587.07","n/a","2004","Technology","Semiconductors","https://www.nasdaq.com/symbol/uctt",
"UIS","Unisys Corporation","18.17","926909498.77","n/a","n/a","Technology","EDP Services","https://www.nasdaq.com/symbol/uis",
"UMC","United Microelectronics Corporation","1.84","4419032310.8","n/a","n/a","Technology","Semiconductors","https://www.nasdaq.com/symbol/umc",
"URI","United Rentals, Inc.","109.29","8863705558.38","n/a","1997","Technology","Diversified Commercial Services","https://www.nasdaq.com/symbol/uri",
"UPLD","Upland Software, Inc.","29.14","628195952.98","n/a","2014","Technology","Computer Software: Prepackaged Software","https://www.nasdaq.com/symbol/upld",
"UPWK","Upwork Inc.","17.99","0","n/a","2018","Technology","EDP Services","https://www.nasdaq.com/symbol/upwk",
"VRNS","Varonis Systems, Inc.","60.62","1771334767.86","n/a","2014","Technology","Computer Software: Prepackaged Software","https://www.nasdaq.com/symbol/vrns",
"VECO","Veeco Instruments Inc.","8.98","438145712.36","n/a","1994","Technology","Industrial Machinery/Components","https://www.nasdaq.com/symbol/veco",
"VEEV","Veeva Systems Inc.","83.68","12092545504.16","n/a","2013","Technology","Computer Software: Prepackaged Software","https://www.nasdaq.com/symbol/veev",
"VRNT","Verint Systems Inc.","43.65","2833122848.85","n/a","2002","Technology","EDP Services","https://www.nasdaq.com/symbol/vrnt",
"VRSN","VeriSign, Inc.","135.32","16358620588.44","n/a","1998","Technology","EDP Services","https://www.nasdaq.com/symbol/vrsn",
"VRSK","Verisk Analytics, Inc.","114.49","18857465975.39","n/a","2009","Technology","EDP Services","https://www.nasdaq.com/symbol/vrsk",
"VERI","Veritone, Inc.","6.68","129112770.12","n/a","2017","Technology","EDP Services","https://www.nasdaq.com/symbol/veri",
"VSAT","ViaSat, Inc.","59.85","3564020817","n/a","1996","Technology","Radio And Television Broadcasting And Communications Equipment","https://www.nasdaq.com/symbol/vsat",
"VIAV","Viavi Solutions Inc.","11.13","2536620425.22","n/a","n/a","Technology","Semiconductors","https://www.nasdaq.com/symbol/viav",
"VRTU","Virtusa Corporation","48.28","1435914502.32","n/a","2007","Technology","EDP Services","https://www.nasdaq.com/symbol/vrtu",
"VMW","Vmware, Inc.","136.26","55694086664.4","n/a","2007","Technology","Computer Software: Prepackaged Software","https://www.nasdaq.com/symbol/vmw",
"VISI","Volt Information Sciences, Inc.","3.67","77200725.4","n/a","n/a","Technology","Professional Services","https://www.nasdaq.com/symbol/visi",
"VUZI","Vuzix Corporation","6.02","165106940.04","n/a","n/a","Technology","Radio And Television Broadcasting And Communications Equipment","https://www.nasdaq.com/symbol/vuzi",
"WSTG","Wayside Technology Group, Inc.","12.53","56362734.19","n/a","n/a","Technology","Retail: Computer Software & Peripheral Equipment","https://www.nasdaq.com/symbol/wstg",
"WB","Weibo Corporation","54.65","3502372529.85","64087329","2014","Technology","Computer Software: Programming, Data Processing","https://www.nasdaq.com/symbol/wb",
"WBT","Welbilt, Inc.","18.58","2603366130.72","n/a","2016","Technology","Industrial Machinery/Components","https://www.nasdaq.com/symbol/wbt",
"WDC","Western Digital Corporation","41.55","12058020575.4","n/a","n/a","Technology","Electronic Components","https://www.nasdaq.com/symbol/wdc",
"WYY","WidePoint Corporation","0.5","41540798.5","n/a","n/a","Technology","EDP Services","https://www.nasdaq.com/symbol/wyy",
"WIT","Wipro Limited","5.2","23409727588","n/a","n/a","Technology","EDP Services","https://www.nasdaq.com/symbol/wit",
"WIX","Wix.com Ltd.","90.52","4244337062.8","n/a","2013","Technology","Computer Software: Programming, Data Processing","https://www.nasdaq.com/symbol/wix",
"WDAY","Workday, Inc.","122.75","26636750000","n/a","n/a","Technology","EDP Services","https://www.nasdaq.com/symbol/wday",
"WK","Workiva Inc.","32.99","1428896991.66","n/a","2014","Technology","Computer Software: Prepackaged Software","https://www.nasdaq.com/symbol/wk",
"WPP","WPP plc","55.38","13975840898.76","n/a","n/a","Technology","Advertising","https://www.nasdaq.com/symbol/wpp",
"WSCI","WSI Industries Inc.","6.99","20762278.17","n/a","n/a","Technology","Industrial Machinery/Components","https://www.nasdaq.com/symbol/wsci",
"XRX","Xerox Corporation","27.46","6732148520","n/a","n/a","Technology","Computer peripheral equipment","https://www.nasdaq.com/symbol/xrx",
"XLNX","Xilinx, Inc.","78.35","19825953132.25","n/a","1990","Technology","Semiconductors","https://www.nasdaq.com/symbol/xlnx",
"XPER","Xperi Corporation","12.52","614694465.04","n/a","n/a","Technology","Semiconductors","https://www.nasdaq.com/symbol/xper",
"XNET","Xunlei Limited","5.69","221384363.49","38907621","2014","Technology","Computer Software: Prepackaged Software","https://www.nasdaq.com/symbol/xnet",
"YNDX","Yandex N.V.","27.22","8939113055.8","n/a","2011","Technology","Computer Software: Programming, Data Processing","https://www.nasdaq.com/symbol/yndx",
"YEXT","Yext, Inc.","18.35","1809041539.5","n/a","2017","Technology","EDP Services","https://www.nasdaq.com/symbol/yext",
"YY","YY Inc.","58.11","2877168643.83","49512453","2012","Technology","EDP Services","https://www.nasdaq.com/symbol/yy",
"ZBRA","Zebra Technologies Corporation","155.48","8348093574.6","n/a","1991","Technology","Industrial Machinery/Components","https://www.nasdaq.com/symbol/zbra",
"ZDGE","Zedge, Inc.","1.84","18877205.84","n/a","2016","Technology","Computer Software: Prepackaged Software","https://www.nasdaq.com/symbol/zdge",
"ZEN","Zendesk, Inc.","54.19","5741907913.9","n/a","2014","Technology","EDP Services","https://www.nasdaq.com/symbol/zen",
"ZIXI","Zix Corporation","6.31","341778676.48","n/a","n/a","Technology","EDP Services","https://www.nasdaq.com/symbol/zixi",
"ZS","Zscaler, Inc.","34.17","4092647920.44","n/a","2018","Technology","EDP Services","https://www.nasdaq.com/symbol/zs",
"ZUO","Zuora, Inc.","18.46","1988490506.34","n/a","2018","Technology","Computer Software: Prepackaged Software","https://www.nasdaq.com/symbol/zuo",
"ZNGA","Zynga Inc.","3.62","3113857182.04","n/a","2011","Technology","EDP Services","https://www.nasdaq.com/symbol/znga",
