"Symbol","Name","LastSale","MarketCap","ADR TSO","IPOyear","Sector","Industry","Summary Quote",
"AIRT","Air T, Inc.","33.52","68501706.64","n/a","n/a","Transportation","Air Freight/Delivery Services","https://www.nasdaq.com/symbol/airt",
"ATSG","Air Transport Services Group, Inc","18.78","1109529667.86","n/a","n/a","Transportation","Air Freight/Delivery Services","https://www.nasdaq.com/symbol/atsg",
"ALK","Alaska Air Group, Inc.","61","7511841279","n/a","n/a","Transportation","Air Freight/Delivery Services","https://www.nasdaq.com/symbol/alk",
"ALGT","Allegiant Travel Company","115.32","1863978625.56","n/a","2006","Transportation","Air Freight/Delivery Services","https://www.nasdaq.com/symbol/algt",
"AAL","American Airlines Group, Inc.","32.6","15014955693.8","n/a","n/a","Transportation","Air Freight/Delivery Services","https://www.nasdaq.com/symbol/aal",
"ARCB","ArcBest Corporation","35.05","900228335.9","n/a","n/a","Transportation","Trucking Freight/Courier Services","https://www.nasdaq.com/symbol/arcb",
"ASC","Ardmore Shipping Corporation","6.69","221424489.39","n/a","2013","Transportation","Marine Transportation","https://www.nasdaq.com/symbol/asc",
"AAWW","Atlas Air Worldwide Holdings","49.29","1260593770.89","n/a","n/a","Transportation","Transportation Services","https://www.nasdaq.com/symbol/aaww",
"AVH","Avianca Holdings S.A.","5.15","641810566.65","n/a","2013","Transportation","Air Freight/Delivery Services","https://www.nasdaq.com/symbol/avh",
"AZUL","Azul S.A.","23.05","2597703974.7","n/a","2017","Transportation","Air Freight/Delivery Services","https://www.nasdaq.com/symbol/azul",
"BSTI","BEST Inc.","5.64","2183244000","n/a","2017","Transportation","Trucking Freight/Courier Services","https://www.nasdaq.com/symbol/bsti",
"BCO","Brink&#39;s Company (The)","66.22","3351812909.06","n/a","n/a","Transportation","Oil Refining/Marketing","https://www.nasdaq.com/symbol/bco",
"BRS","Bristow Group Inc","10.83","387337928.25","n/a","n/a","Transportation","Transportation Services","https://www.nasdaq.com/symbol/brs",
"CHRW","C.H. Robinson Worldwide, Inc.","87.06","12061684082.94","n/a","1997","Transportation","Oil Refining/Marketing","https://www.nasdaq.com/symbol/chrw",
"CNI","Canadian National Railway Company","82.08","60018101180.64","n/a","n/a","Transportation","Railroads","https://www.nasdaq.com/symbol/cni",
"CP","Canadian Pacific Railway Limited","195.5","27877579387","n/a","n/a","Transportation","Railroads","https://www.nasdaq.com/symbol/cp",
"CPLP","Capital Product Partners L.P.","2.65","337203733.8","n/a","2007","Transportation","Marine Transportation","https://www.nasdaq.com/symbol/cplp",
"CEA","China Eastern Airlines Corporation Ltd.","25.99","7520251020.87","n/a","1997","Transportation","Air Freight/Delivery Services","https://www.nasdaq.com/symbol/cea",
"ZNH","China Southern Airlines Company Limited","25.74","6315140274.3","n/a","1997","Transportation","Air Freight/Delivery Services","https://www.nasdaq.com/symbol/znh",
"VLRS","Controladora Vuela Compania de Aviacion, S.A.B. de C.V.","6.46","645107699.58","n/a","2013","Transportation","Air Freight/Delivery Services","https://www.nasdaq.com/symbol/vlrs",
"CPA","Copa Holdings, S.A.","68.31","2882363607.09","n/a","2005","Transportation","Air Freight/Delivery Services","https://www.nasdaq.com/symbol/cpa",
"CAAP","Corporacion America Airports SA","7.67","1227370749.54","n/a","2018","Transportation","Aerospace","https://www.nasdaq.com/symbol/caap",
"CMRE","Costamare Inc.","5.11","568645828.24","n/a","2010","Transportation","Marine Transportation","https://www.nasdaq.com/symbol/cmre",
"CVTI","Covenant Transportation Group, Inc.","25.04","459312826.56","n/a","1994","Transportation","Trucking Freight/Courier Services","https://www.nasdaq.com/symbol/cvti",
"CYRX","CryoPort, Inc.","10.51","300267252.72","n/a","n/a","Transportation","Oil Refining/Marketing","https://www.nasdaq.com/symbol/cyrx",
"CYRXW","CryoPort, Inc.","7.69","0","n/a","n/a","Transportation","Oil Refining/Marketing","https://www.nasdaq.com/symbol/cyrxw",
"CSX","CSX Corporation","65.69","55469973514.09","n/a","n/a","Transportation","Railroads","https://www.nasdaq.com/symbol/csx",
"DAC","Danaos Corporation","1.04","221857433.2","n/a","2006","Transportation","Marine Transportation","https://www.nasdaq.com/symbol/dac",
"DAL","Delta Air Lines, Inc.","53.42","36625751007.42","n/a","n/a","Transportation","Air Freight/Delivery Services","https://www.nasdaq.com/symbol/dal",
"DHT","DHT Holdings, Inc.","4.99","716526789.57","n/a","2005","Transportation","Marine Transportation","https://www.nasdaq.com/symbol/dht",
"DCIX","Diana Containerships Inc.","2.05","20415816.75","n/a","n/a","Transportation","Marine Transportation","https://www.nasdaq.com/symbol/dcix",
"DSX","Diana Shipping inc.","3.7","399344762.9","n/a","2005","Transportation","Marine Transportation","https://www.nasdaq.com/symbol/dsx",
"LPG","Dorian LPG Ltd.","7.73","426365101.89","n/a","2014","Transportation","Marine Transportation","https://www.nasdaq.com/symbol/lpg",
"DRYS","DryShips Inc.","4.88","481698534.08","n/a","2005","Transportation","Marine Transportation","https://www.nasdaq.com/symbol/drys",
"EGLE","Eagle Bulk Shipping Inc.","4.7","343276047.9","n/a","n/a","Transportation","Marine Transportation","https://www.nasdaq.com/symbol/egle",
"ECHO","Echo Global Logistics, Inc.","25.48","727384312.2","n/a","2009","Transportation","Oil Refining/Marketing","https://www.nasdaq.com/symbol/echo",
"ERA","Era Group, Inc.","11.27","244427997.52","n/a","n/a","Transportation","Transportation Services","https://www.nasdaq.com/symbol/era",
"EURN","Euronav NV","9.14","2001498203.72","n/a","2015","Transportation","Marine Transportation","https://www.nasdaq.com/symbol/eurn",
"ESEA","Euroseas Ltd.","2.13","24013888.38","n/a","n/a","Transportation","Marine Transportation","https://www.nasdaq.com/symbol/esea",
"EXPD","Expeditors International of Washington, Inc.","65.7","11453842415.7","n/a","n/a","Transportation","Oil Refining/Marketing","https://www.nasdaq.com/symbol/expd",
"FDX","FedEx Corporation","211.04","55612386461.28","n/a","n/a","Transportation","Air Freight/Delivery Services","https://www.nasdaq.com/symbol/fdx",
"FWRD","Forward Air Corporation","58.81","1725987578.59","n/a","n/a","Transportation","Oil Refining/Marketing","https://www.nasdaq.com/symbol/fwrd",
"FRO","Frontline Ltd.","7.25","1231117599","n/a","n/a","Transportation","Marine Transportation","https://www.nasdaq.com/symbol/fro",
"GNK","Genco Shipping & Trading Limited ","10.74","446214822.96","n/a","n/a","Transportation","Marine Transportation","https://www.nasdaq.com/symbol/gnk",
"GWR","Genesee & Wyoming, Inc.","76.52","4599064189.96","n/a","n/a","Transportation","Railroads","https://www.nasdaq.com/symbol/gwr",
"GSL","Global Ship Lease, Inc.","0.85","46763336.5","n/a","n/a","Transportation","Marine Transportation","https://www.nasdaq.com/symbol/gsl",
"GLBS","Globus Maritime Limited","6.08","194797.12","n/a","n/a","Transportation","Marine Transportation","https://www.nasdaq.com/symbol/glbs",
"GOL","Gol Linhas Aereas Inteligentes S.A.","9.22","14430385442.94","n/a","2004","Transportation","Air Freight/Delivery Services","https://www.nasdaq.com/symbol/gol",
"GRIN","Grindrod Shipping Holdings Ltd.","7.0525","134447682.2325","n/a","n/a","Transportation","Marine Transportation","https://www.nasdaq.com/symbol/grin",
"OMAB","Grupo Aeroportuario del Centro Norte S.A.B. de C.V.","44.14","345670889.46","7831239","2006","Transportation","Aerospace","https://www.nasdaq.com/symbol/omab",
"PAC","Grupo Aeroportuario Del Pacifico, S.A. de C.V.","86.8","4869480000","n/a","2006","Transportation","Aerospace","https://www.nasdaq.com/symbol/pac",
"ASR","Grupo Aeroportuario del Sureste, S.A. de C.V.","162.17","4865100000","n/a","n/a","Transportation","Aerospace","https://www.nasdaq.com/symbol/asr",
"GSH","Guangshen Railway Company Limited","17.79","2520322464.6","n/a","n/a","Transportation","Railroads","https://www.nasdaq.com/symbol/gsh",
"HA","Hawaiian Holdings, Inc.","34.08","1683671143.68","n/a","n/a","Transportation","Air Freight/Delivery Services","https://www.nasdaq.com/symbol/ha",
"HTLD","Heartland Express, Inc.","18.7","1532034900","n/a","1986","Transportation","Trucking Freight/Courier Services","https://www.nasdaq.com/symbol/htld",
"HUBG","Hub Group, Inc.","46.58","1596500014.86","n/a","1996","Transportation","Oil Refining/Marketing","https://www.nasdaq.com/symbol/hubg",
"HUNT","Hunter Maritime Acquisition Corp.","10.09","191370723.75","n/a","2017","Transportation","Oil Refining/Marketing","https://www.nasdaq.com/symbol/hunt",
"HUNTU","Hunter Maritime Acquisition Corp.","10.1603","0","n/a","2016","Transportation","Oil Refining/Marketing","https://www.nasdaq.com/symbol/huntu",
"HUNTW","Hunter Maritime Acquisition Corp.","0.2","0","n/a","2017","Transportation","Oil Refining/Marketing","https://www.nasdaq.com/symbol/huntw",
"JBHT","J.B. Hunt Transport Services, Inc.","107.1","11692749600","n/a","n/a","Transportation","Trucking Freight/Courier Services","https://www.nasdaq.com/symbol/jbht",
"JBLU","JetBlue Airways Corporation","16.16","5055600506.56","n/a","2002","Transportation","Air Freight/Delivery Services","https://www.nasdaq.com/symbol/jblu",
"KSU","Kansas City Southern","98.86","10053809017.26","n/a","n/a","Transportation","Railroads","https://www.nasdaq.com/symbol/ksu",
"KSU^","Kansas City Southern","26.5","0","n/a","n/a","Transportation","Railroads","https://www.nasdaq.com/symbol/ksu^",
"KNX","Knight Transportation, Inc.","31.39","5590817528.04","n/a","2017","Transportation","Trucking Freight/Courier Services","https://www.nasdaq.com/symbol/knx",
"LSTR","Landstar System, Inc.","99.71","4099514530.67","n/a","1993","Transportation","Trucking Freight/Courier Services","https://www.nasdaq.com/symbol/lstr",
"LTM","LATAM Airlines Group S.A.","8.76","5312131390.68","n/a","n/a","Transportation","Air Freight/Delivery Services","https://www.nasdaq.com/symbol/ltm",
"MRTN","Marten Transport, Ltd.","18.76","1025476454.24","n/a","1986","Transportation","Trucking Freight/Courier Services","https://www.nasdaq.com/symbol/mrtn",
"MESA","Mesa Air Group, Inc.","12.99","309775452.75","n/a","2018","Transportation","Air Freight/Delivery Services","https://www.nasdaq.com/symbol/mesa",
"NVGS","Navigator Holdings Ltd.","11.03","613889033.12","n/a","2013","Transportation","Marine Transportation","https://www.nasdaq.com/symbol/nvgs",
"NNA","Navios Maritime Acquisition Corporation","0.3863","55697827.6153","n/a","n/a","Transportation","Marine Transportation","https://www.nasdaq.com/symbol/nna",
"NM","Navios Maritime Holdings Inc.","0.5318","66318799.704","n/a","n/a","Transportation","Marine Transportation","https://www.nasdaq.com/symbol/nm",
"NMM","Navios Maritime Partners LP","1.51","253060543.64","n/a","2007","Transportation","Marine Transportation","https://www.nasdaq.com/symbol/nmm",
"NAO","Nordic American Offshore Ltd","0.8302","51461480.3794","n/a","2014","Transportation","Marine Transportation","https://www.nasdaq.com/symbol/nao",
"NSC","Norfolk Souther Corporation","161.09","43872368564.6","n/a","n/a","Transportation","Railroads","https://www.nasdaq.com/symbol/nsc",
"ODFL","Old Dominion Freight Line, Inc.","120.61","9889581100.21","n/a","1991","Transportation","Trucking Freight/Courier Services","https://www.nasdaq.com/symbol/odfl",
"OSG","Overseas Shipholding Group, Inc.","2.96","250305852.48","n/a","2015","Transportation","Marine Transportation","https://www.nasdaq.com/symbol/osg",
"PTSI","P.A.M. Transportation Services, Inc.","55.5","336011263.5","n/a","1986","Transportation","Trucking Freight/Courier Services","https://www.nasdaq.com/symbol/ptsi",
"PANL","Pangaea Logistics Solutions Ltd.","3.35","147614353.1","n/a","1996","Transportation","Marine Transportation","https://www.nasdaq.com/symbol/panl",
"PATI","Patriot Transportation Holding, Inc.","19.99","66536035.34","n/a","n/a","Transportation","Trucking Freight/Courier Services","https://www.nasdaq.com/symbol/pati",
"PHII","PHI, Inc.","8.6","135977025.2","n/a","n/a","Transportation","Transportation Services","https://www.nasdaq.com/symbol/phii",
"PHIIK","PHI, Inc.","7.74","122379322.68","n/a","n/a","Transportation","Transportation Services","https://www.nasdaq.com/symbol/phiik",
"PXS","Pyxis Tankers Inc.","2.07","43217238.51","n/a","n/a","Transportation","Marine Transportation","https://www.nasdaq.com/symbol/pxs",
"RLGT","Radiant Logistics, Inc.","5.21","257650588.48","n/a","n/a","Transportation","Oil Refining/Marketing","https://www.nasdaq.com/symbol/rlgt",
"RRTS","Roadrunner Transportation Systems, Inc","0.533","20524496.434","n/a","2010","Transportation","Oil Refining/Marketing","https://www.nasdaq.com/symbol/rrts",
"RYAAY","Ryanair Holdings plc","81.31","8198143927.87","100825777","1997","Transportation","Air Freight/Delivery Services","https://www.nasdaq.com/symbol/ryaay",
"SB","Safe Bulkers, Inc","2.64","268103309.76","n/a","2008","Transportation","Marine Transportation","https://www.nasdaq.com/symbol/sb",
"SAIA","Saia, Inc.","57.06","1466017873.02","n/a","n/a","Transportation","Trucking Freight/Courier Services","https://www.nasdaq.com/symbol/saia",
"SNDR","Schneider National, Inc.","20.78","3678001421.18","n/a","2017","Transportation","Trucking Freight/Courier Services","https://www.nasdaq.com/symbol/sndr",
"SALT","Scorpio Bulkers Inc.","6.29","474252784.71","n/a","2013","Transportation","Marine Transportation","https://www.nasdaq.com/symbol/salt",
"SLTB","Scorpio Bulkers Inc.","25.35","0","n/a","2014","Transportation","Marine Transportation","https://www.nasdaq.com/symbol/sltb",
"SBBC","Scorpio Tankers Inc.","25.2843","0","n/a","2017","Transportation","Marine Transportation","https://www.nasdaq.com/symbol/sbbc",
"SBNA","Scorpio Tankers Inc.","24.77","0","n/a","2014","Transportation","Marine Transportation","https://www.nasdaq.com/symbol/sbna",
"STNG","Scorpio Tankers Inc.","1.64","547319497.64","n/a","2010","Transportation","Marine Transportation","https://www.nasdaq.com/symbol/stng",
"CKH","SEACOR Holdings, Inc.","47.5","866724187.5","n/a","n/a","Transportation","Marine Transportation","https://www.nasdaq.com/symbol/ckh",
"SMHI","SEACOR Marine Holdings Inc.","18.55","379191494.5","n/a","2017","Transportation","Marine Transportation","https://www.nasdaq.com/symbol/smhi",
"SHIP","Seanergy Maritime Holdings Corp","0.9","34374013.2","n/a","n/a","Transportation","Marine Transportation","https://www.nasdaq.com/symbol/ship",
"SHIPW","Seanergy Maritime Holdings Corp","0.1","0","n/a","n/a","Transportation","Marine Transportation","https://www.nasdaq.com/symbol/shipw",
"SSW","Seaspan Corporation","7.2","1272136478.4","n/a","2005","Transportation","Marine Transportation","https://www.nasdaq.com/symbol/ssw",
"SSWA","Seaspan Corporation","24.27","0","n/a","2017","Transportation","Marine Transportation","https://www.nasdaq.com/symbol/sswa",
"SSWN","Seaspan Corporation","25.15","0","n/a","2014","Transportation","Marine Transportation","https://www.nasdaq.com/symbol/sswn",
"SFL","Ship Finance International Limited","12.44","1485000916.16","n/a","n/a","Transportation","Marine Transportation","https://www.nasdaq.com/symbol/sfl",
"SINO","Sino-Global Shipping America, Ltd.","1.26","16500374.1","n/a","n/a","Transportation","Oil Refining/Marketing","https://www.nasdaq.com/symbol/sino",
"SKYW","SkyWest, Inc.","50.66","2638279838.9","n/a","1986","Transportation","Air Freight/Delivery Services","https://www.nasdaq.com/symbol/skyw",
"LUV","Southwest Airlines Company","47.91","27453349392.9","n/a","n/a","Transportation","Air Freight/Delivery Services","https://www.nasdaq.com/symbol/luv",
"SAVE","Spirit Airlines, Inc.","52.09","3555898482.17","n/a","n/a","Transportation","Air Freight/Delivery Services","https://www.nasdaq.com/symbol/save",
"SBLK","Star Bulk Carriers Corp.","11.53","1064863838.31","n/a","n/a","Transportation","Marine Transportation","https://www.nasdaq.com/symbol/sblk",
"SBLKZ","Star Bulk Carriers Corp.","25.6","0","n/a","n/a","Transportation","Marine Transportation","https://www.nasdaq.com/symbol/sblkz",
"GASS","StealthGas, Inc.","3.38","134728702.94","n/a","2005","Transportation","Marine Transportation","https://www.nasdaq.com/symbol/gass",
"TK","Teekay Corporation","6.41","643788311.54","n/a","n/a","Transportation","Marine Transportation","https://www.nasdaq.com/symbol/tk",
"TOPS","TOP Ships Inc.","1.85","35571729.7","n/a","n/a","Transportation","Marine Transportation","https://www.nasdaq.com/symbol/tops",
"TRMD","TORM plc","6","443400000","n/a","n/a","Transportation","Marine Transportation","https://www.nasdaq.com/symbol/trmd",
"TNP","Tsakos Energy Navigation Ltd","3.16","275983191.48","n/a","2002","Transportation","Marine Transportation","https://www.nasdaq.com/symbol/tnp",
"USX","U.S. Xpress Enterprises, Inc.","9.38","453002569.46","n/a","2018","Transportation","Trucking Freight/Courier Services","https://www.nasdaq.com/symbol/usx",
"UNP","Union Pacific Corporation","141.34","104137915278.12","n/a","n/a","Transportation","Railroads","https://www.nasdaq.com/symbol/unp",
"UAL","United Continental Holdings, Inc.","84.99","23156750375.88","n/a","n/a","Transportation","Air Freight/Delivery Services","https://www.nasdaq.com/symbol/ual",
"UPS","United Parcel Service, Inc.","105.13","90306670000","n/a","1999","Transportation","Trucking Freight/Courier Services","https://www.nasdaq.com/symbol/ups",
"ULH","Universal Logistics Holdings, Inc.","26.09","740822732.28","n/a","n/a","Transportation","Trucking Freight/Courier Services","https://www.nasdaq.com/symbol/ulh",
"USAK","USA Truck, Inc.","20.2","167915691.6","n/a","1992","Transportation","Trucking Freight/Courier Services","https://www.nasdaq.com/symbol/usak",
"USDP","USD Partners LP","10.4899","274201024.2773","n/a","2014","Transportation","Railroads","https://www.nasdaq.com/symbol/usdp",
"WERN","Werner Enterprises, Inc.","31.42","2236925000.26","n/a","1986","Transportation","Trucking Freight/Courier Services","https://www.nasdaq.com/symbol/wern",
"YRCW","YRC Worldwide, Inc.","7.76","264238918.32","n/a","n/a","Transportation","Trucking Freight/Courier Services","https://www.nasdaq.com/symbol/yrcw",
"ZTO","ZTO Express (Cayman) Inc.","15.27","12019992126.93","n/a","2016","Transportation","Trucking Freight/Courier Services","https://www.nasdaq.com/symbol/zto",
